-- phpMyAdmin SQL Dump
-- version 4.9.5deb2
-- https://www.phpmyadmin.net/
--
-- Host: localhost:3306
-- Generation Time: Sep 04, 2021 at 11:22 AM
-- Server version: 8.0.26
-- PHP Version: 7.4.3

SET SQL_MODE = "NO_AUTO_VALUE_ON_ZERO";
SET AUTOCOMMIT = 0;
START TRANSACTION;
SET time_zone = "+00:00";


/*!40101 SET @OLD_CHARACTER_SET_CLIENT=@@CHARACTER_SET_CLIENT */;
/*!40101 SET @OLD_CHARACTER_SET_RESULTS=@@CHARACTER_SET_RESULTS */;
/*!40101 SET @OLD_COLLATION_CONNECTION=@@COLLATION_CONNECTION */;
/*!40101 SET NAMES utf8mb4 */;

--
-- Database: `vendor`
--

-- --------------------------------------------------------

--
-- Table structure for table `failed_jobs`
--

CREATE TABLE `failed_jobs` (
  `id` bigint UNSIGNED NOT NULL,
  `uuid` varchar(255) CHARACTER SET utf8mb4 COLLATE utf8mb4_unicode_ci NOT NULL,
  `connection` text CHARACTER SET utf8mb4 COLLATE utf8mb4_unicode_ci NOT NULL,
  `queue` text CHARACTER SET utf8mb4 COLLATE utf8mb4_unicode_ci NOT NULL,
  `payload` longtext CHARACTER SET utf8mb4 COLLATE utf8mb4_unicode_ci NOT NULL,
  `exception` longtext CHARACTER SET utf8mb4 COLLATE utf8mb4_unicode_ci NOT NULL,
  `failed_at` timestamp NOT NULL DEFAULT CURRENT_TIMESTAMP
) ENGINE=InnoDB DEFAULT CHARSET=utf8mb4 COLLATE=utf8mb4_unicode_ci;

-- --------------------------------------------------------

--
-- Table structure for table `migrations`
--

CREATE TABLE `migrations` (
  `id` int UNSIGNED NOT NULL,
  `migration` varchar(255) CHARACTER SET utf8mb4 COLLATE utf8mb4_unicode_ci NOT NULL,
  `batch` int NOT NULL
) ENGINE=InnoDB DEFAULT CHARSET=utf8mb4 COLLATE=utf8mb4_unicode_ci;

--
-- Dumping data for table `migrations`
--

INSERT INTO `migrations` (`id`, `migration`, `batch`) VALUES
(1, '2014_10_12_000000_create_users_table', 1),
(2, '2014_10_12_100000_create_password_resets_table', 1),
(3, '2019_08_19_000000_create_failed_jobs_table', 1),
(4, '2021_08_11_072555_create_notifications_table', 2);

-- --------------------------------------------------------

--
-- Table structure for table `notifications`
--

CREATE TABLE `notifications` (
  `id` char(36) CHARACTER SET utf8mb4 COLLATE utf8mb4_unicode_ci NOT NULL,
  `type` varchar(255) CHARACTER SET utf8mb4 COLLATE utf8mb4_unicode_ci NOT NULL,
  `notifiable_type` varchar(255) CHARACTER SET utf8mb4 COLLATE utf8mb4_unicode_ci NOT NULL,
  `notifiable_id` bigint UNSIGNED NOT NULL,
  `data` text CHARACTER SET utf8mb4 COLLATE utf8mb4_unicode_ci NOT NULL,
  `read_at` timestamp NULL DEFAULT NULL,
  `created_at` timestamp NULL DEFAULT NULL,
  `updated_at` timestamp NULL DEFAULT NULL
) ENGINE=InnoDB DEFAULT CHARSET=utf8mb4 COLLATE=utf8mb4_unicode_ci;

--
-- Dumping data for table `notifications`
--

INSERT INTO `notifications` (`id`, `type`, `notifiable_type`, `notifiable_id`, `data`, `read_at`, `created_at`, `updated_at`) VALUES
('1d245b13-fde4-47d7-9829-1e4f2dc9748e', 'App\\Notifications\\AdminNotifation', 'App\\Models\\User', 1, '{\"title\":\"Message From User\",\"detail\":\"This Message From Test User\",\"sender_id\":15}', NULL, '2021-09-03 05:10:53', '2021-09-03 05:10:53'),
('4e407309-ae13-4fed-af73-34f3285b1df1', 'App\\Notifications\\AdminNotifation', 'App\\Models\\User', 1, '{\"title\":\"Message From User\",\"detail\":\"This Message From Test User\",\"sender_id\":15}', NULL, '2021-09-03 05:41:05', '2021-09-03 05:41:05'),
('852efa71-c54c-4c6b-a5fa-fa1636dad497', 'App\\Notifications\\AdminNotifation', 'App\\Models\\User', 1, '{\"title\":\"Message From User\",\"detail\":\"This Message From Test User\",\"sender_id\":15}', '2021-08-23 22:50:12', '2021-08-23 06:28:56', '2021-08-23 22:50:12'),
('97c02d00-cd0f-4d1a-a29b-b1a39593abe8', 'App\\Notifications\\AdminNotifation', 'App\\Models\\User', 1, '{\"title\":\"Message From User\",\"detail\":\"This Message From Test User\",\"sender_id\":15}', '2021-08-23 22:50:12', '2021-08-23 22:40:23', '2021-08-23 22:50:12');

-- --------------------------------------------------------

--
-- Table structure for table `password_resets`
--

CREATE TABLE `password_resets` (
  `email` varchar(255) CHARACTER SET utf8mb4 COLLATE utf8mb4_unicode_ci NOT NULL,
  `token` varchar(255) CHARACTER SET utf8mb4 COLLATE utf8mb4_unicode_ci NOT NULL,
  `created_at` timestamp NULL DEFAULT NULL
) ENGINE=InnoDB DEFAULT CHARSET=utf8mb4 COLLATE=utf8mb4_unicode_ci;

--
-- Dumping data for table `password_resets`
--

INSERT INTO `password_resets` (`email`, `token`, `created_at`) VALUES
('vendormangment@mailinator.com', '$2y$10$voedZfT32Klf3q7dmn/1FOeE/ruEPsG01gY.9R5/natFVQyiTJfTS', '2021-08-23 23:23:24');

-- --------------------------------------------------------

--
-- Table structure for table `products_data`
--

CREATE TABLE `products_data` (
  `id` int NOT NULL,
  `p_id` longtext,
  `c_id` longtext,
  `message_id` varchar(191) CHARACTER SET utf8mb4 COLLATE utf8mb4_0900_ai_ci DEFAULT NULL,
  `reply_time` timestamp NULL DEFAULT NULL,
  `created_at` timestamp NOT NULL DEFAULT CURRENT_TIMESTAMP,
  `updated_at` timestamp NULL DEFAULT NULL
) ENGINE=InnoDB DEFAULT CHARSET=utf8mb4 COLLATE=utf8mb4_0900_ai_ci;

--
-- Dumping data for table `products_data`
--

INSERT INTO `products_data` (`id`, `p_id`, `c_id`, `message_id`, `reply_time`, `created_at`, `updated_at`) VALUES
(1, '[\"1\",\"2\",\"3\",\"4\",\"5\",\"6\",\"7\",\"8\",\"9\",\"10\"]', '[\"3\",\"449\",\"729\",\"804\",\"1352\",\"1801\",\"123\",null,null,null]', '4', NULL, '2021-09-03 03:50:20', '2021-09-03 03:50:20'),
(2, '[\"1\",\"2\",\"3\",\"4\",\"5\",\"6\",\"7\",\"8\",\"9\",\"10\"]', '[\"3\",\"449\",\"729\",\"804\",\"1352\",\"1801\",\"123\",null,null,null]', '5', NULL, '2021-09-03 03:50:24', '2021-09-03 03:50:24'),
(3, '[\"1\",\"2\",\"3\",\"4\",\"5\",\"6\",\"7\",\"8\",\"9\",\"10\"]', '[\"2\",\"450\",\"731\",\"803\",\"1352\",\"1802\",\"789\",null,null,null]', '6', NULL, '2021-09-03 04:58:29', '2021-09-03 04:58:29'),
(4, '[\"1\",\"2\",\"3\",\"4\",\"5\",\"6\",\"7\",\"8\",\"9\",\"10\"]', '[\"1\",\"449\",\"731\",\"804\",\"1349\",\"1802\",\"123\",\"N\",\"56546\",\"sdfsfd\"]', '7', '2021-09-03 05:40:59', '2021-09-03 05:13:18', '2021-09-03 05:40:59');

-- --------------------------------------------------------

--
-- Table structure for table `product_category`
--

CREATE TABLE `product_category` (
  `id` int NOT NULL,
  `product_id` bigint NOT NULL,
  `name` varchar(200) CHARACTER SET utf8mb4 COLLATE utf8mb4_0900_ai_ci DEFAULT NULL,
  `type` varchar(200) CHARACTER SET utf8mb4 COLLATE utf8mb4_0900_ai_ci DEFAULT NULL,
  `created_at` timestamp NOT NULL DEFAULT CURRENT_TIMESTAMP,
  `updated_at` timestamp NULL DEFAULT NULL
) ENGINE=InnoDB DEFAULT CHARSET=utf8mb4 COLLATE=utf8mb4_0900_ai_ci;

--
-- Dumping data for table `product_category`
--

INSERT INTO `product_category` (`id`, `product_id`, `name`, `type`, `created_at`, `updated_at`) VALUES
(1, 1, ' Amethyst', 'Stone', '2021-09-02 06:06:52', '2021-09-02 06:06:52'),
(2, 1, 'ABALON', 'Stone', '2021-09-02 06:06:52', '2021-09-02 06:06:52'),
(3, 1, 'Agate Blue Lace', 'Stone', '2021-09-02 06:06:52', '2021-09-02 06:06:52'),
(4, 1, 'Alexite Glass', 'Stone', '2021-09-02 06:06:52', '2021-09-02 06:06:52'),
(5, 1, 'Amazonite', 'Stone', '2021-09-02 06:06:52', '2021-09-02 06:06:52'),
(6, 1, 'Amber', 'Stone', '2021-09-02 06:06:52', '2021-09-02 06:06:52'),
(7, 1, 'Amethyst', 'Stone', '2021-09-02 06:06:52', '2021-09-02 06:06:52'),
(8, 1, 'Amethyst (African)', 'Stone', '2021-09-02 06:06:52', '2021-09-02 06:06:52'),
(9, 1, 'Amethyst (light Shade)', 'Stone', '2021-09-02 06:06:52', '2021-09-02 06:06:52'),
(10, 1, 'Amethyst Af.', 'Stone', '2021-09-02 06:06:52', '2021-09-02 06:06:52'),
(11, 1, 'Amethyst Af. (dark shade)', 'Stone', '2021-09-02 06:06:52', '2021-09-02 06:06:52'),
(12, 1, 'Amethyst Af. (Purple)', 'Stone', '2021-09-02 06:06:52', '2021-09-02 06:06:52'),
(13, 1, 'Amethyst African', 'Stone', '2021-09-02 06:06:52', '2021-09-02 06:06:52'),
(14, 1, 'Amethyst Brazil', 'Stone', '2021-09-02 06:06:52', '2021-09-02 06:06:52'),
(15, 1, 'Amethyst Glass', 'Stone', '2021-09-02 06:06:52', '2021-09-02 06:06:52'),
(16, 1, 'Amethyst Green', 'Stone', '2021-09-02 06:06:52', '2021-09-02 06:06:52'),
(17, 1, 'Amethyst Lace Agate', 'Stone', '2021-09-02 06:06:52', '2021-09-02 06:06:52'),
(18, 1, 'Amethyst Lavender', 'Stone', '2021-09-02 06:06:52', '2021-09-02 06:06:52'),
(19, 1, 'Ametrine', 'Stone', '2021-09-02 06:06:52', '2021-09-02 06:06:52'),
(20, 1, 'Ametrine Triplet Qtz', 'Stone', '2021-09-02 06:06:52', '2021-09-02 06:06:52'),
(21, 1, 'Andalusite', 'Stone', '2021-09-02 06:06:52', '2021-09-02 06:06:52'),
(22, 1, 'angelite', 'Stone', '2021-09-02 06:06:52', '2021-09-02 06:06:52'),
(23, 1, 'Angelite', 'Stone', '2021-09-02 06:06:52', '2021-09-02 06:06:52'),
(24, 1, 'Apatite', 'Stone', '2021-09-02 06:06:52', '2021-09-02 06:06:52'),
(25, 1, 'Aqavamarine', 'Stone', '2021-09-02 06:06:52', '2021-09-02 06:06:52'),
(26, 1, 'Aqua Chailsi Qrtz', 'Stone', '2021-09-02 06:06:52', '2021-09-02 06:06:52'),
(27, 1, 'Aqua Chalcedony', 'Stone', '2021-09-02 06:06:52', '2021-09-02 06:06:52'),
(28, 1, 'Aqua Chelcedony', 'Stone', '2021-09-02 06:06:52', '2021-09-02 06:06:52'),
(29, 1, 'AQUA DURZY', 'Stone', '2021-09-02 06:06:52', '2021-09-02 06:06:52'),
(30, 1, 'Aqua Milky', 'Stone', '2021-09-02 06:06:52', '2021-09-02 06:06:52'),
(31, 1, 'AQUA TERA TRIPLATE', 'Stone', '2021-09-02 06:06:52', '2021-09-02 06:06:52'),
(32, 1, 'Aquamarine', 'Stone', '2021-09-02 06:06:52', '2021-09-02 06:06:52'),
(33, 1, 'Aquamarine ', 'Stone', '2021-09-02 06:06:52', '2021-09-02 06:06:52'),
(34, 1, 'Aquamarine (Dark Shede)', 'Stone', '2021-09-02 06:06:52', '2021-09-02 06:06:52'),
(35, 1, 'Aquamarine (Light Shede)', 'Stone', '2021-09-02 06:06:52', '2021-09-02 06:06:52'),
(36, 1, 'aquaphrase', 'Stone', '2021-09-02 06:06:52', '2021-09-02 06:06:52'),
(37, 1, 'Arizona Turquise', 'Stone', '2021-09-02 06:06:52', '2021-09-02 06:06:52'),
(38, 1, 'ARIZONZ SUN TRIPLATE', 'Stone', '2021-09-02 06:06:52', '2021-09-02 06:06:52'),
(39, 1, 'Austreliam Pink Opal', 'Stone', '2021-09-02 06:06:52', '2021-09-02 06:06:52'),
(40, 1, 'Austrelian Opal', 'Stone', '2021-09-02 06:06:52', '2021-09-02 06:06:52'),
(41, 1, 'Aventuine Golden', 'Stone', '2021-09-02 06:06:52', '2021-09-02 06:06:52'),
(42, 1, 'Aventurine Green', 'Stone', '2021-09-02 06:06:52', '2021-09-02 06:06:52'),
(43, 1, 'Azure Blue Topaz', 'Stone', '2021-09-02 06:06:52', '2021-09-02 06:06:52'),
(44, 1, 'Azurite With Copper', 'Stone', '2021-09-02 06:06:52', '2021-09-02 06:06:52'),
(45, 1, 'AzuriteWithMalachite', 'Stone', '2021-09-02 06:06:52', '2021-09-02 06:06:52'),
(46, 1, 'Bio Color Agate', 'Stone', '2021-09-02 06:06:52', '2021-09-02 06:06:52'),
(47, 1, 'Biue Sapphire ', 'Stone', '2021-09-02 06:06:52', '2021-09-02 06:06:52'),
(48, 1, 'Black Lava', 'Stone', '2021-09-02 06:06:52', '2021-09-02 06:06:52'),
(49, 1, 'Black Obsidian With', 'Stone', '2021-09-02 06:06:52', '2021-09-02 06:06:52'),
(50, 1, 'Black Onyx ', 'Stone', '2021-09-02 06:06:52', '2021-09-02 06:06:52'),
(51, 1, 'Black Onyx (Bead)', 'Stone', '2021-09-02 06:06:52', '2021-09-02 06:06:52'),
(52, 1, 'Black Opal', 'Stone', '2021-09-02 06:06:52', '2021-09-02 06:06:52'),
(53, 1, 'Black Quartz', 'Stone', '2021-09-02 06:06:52', '2021-09-02 06:06:52'),
(54, 1, 'Black Spinel', 'Stone', '2021-09-02 06:06:52', '2021-09-02 06:06:52'),
(55, 1, 'Black Star', 'Stone', '2021-09-02 06:06:52', '2021-09-02 06:06:52'),
(56, 1, 'Blue Chalcedony', 'Stone', '2021-09-02 06:06:52', '2021-09-02 06:06:52'),
(57, 1, 'Blue Chalcy', 'Stone', '2021-09-02 06:06:52', '2021-09-02 06:06:52'),
(58, 1, 'Blue Copper Turquois', 'Stone', '2021-09-02 06:06:52', '2021-09-02 06:06:52'),
(59, 1, 'Blue Corundum', 'Stone', '2021-09-02 06:06:52', '2021-09-02 06:06:52'),
(60, 1, 'Blue CZ', 'Stone', '2021-09-02 06:06:52', '2021-09-02 06:06:52'),
(61, 1, 'Blue Druzy', 'Stone', '2021-09-02 06:06:52', '2021-09-02 06:06:52'),
(62, 1, 'Blue Heamatite', 'Stone', '2021-09-02 06:06:52', '2021-09-02 06:06:52'),
(63, 1, 'Blue Lagoon Chalcedo', 'Stone', '2021-09-02 06:06:52', '2021-09-02 06:06:52'),
(64, 1, 'Blue Mexican Turquoi', 'Stone', '2021-09-02 06:06:52', '2021-09-02 06:06:52'),
(65, 1, 'Blue Opel', 'Stone', '2021-09-02 06:06:52', '2021-09-02 06:06:52'),
(66, 1, 'Blue Quartz', 'Stone', '2021-09-02 06:06:52', '2021-09-02 06:06:52'),
(67, 1, 'Blue Sapphire', 'Stone', '2021-09-02 06:06:52', '2021-09-02 06:06:52'),
(68, 1, 'Blue Sapphire (Blue)', 'Stone', '2021-09-02 06:06:52', '2021-09-02 06:06:52'),
(69, 1, 'Blue Sapphire Glass', 'Stone', '2021-09-02 06:06:52', '2021-09-02 06:06:52'),
(70, 1, 'Blue Star Sapphire', 'Stone', '2021-09-02 06:06:52', '2021-09-02 06:06:52'),
(71, 1, 'Blue Star Shapphire', 'Stone', '2021-09-02 06:06:52', '2021-09-02 06:06:52'),
(72, 1, 'Blue Topaz', 'Stone', '2021-09-02 06:06:52', '2021-09-02 06:06:52'),
(73, 1, 'Blue Topaz (Dark Shade)', 'Stone', '2021-09-02 06:06:52', '2021-09-02 06:06:52'),
(74, 1, 'Blue Topaz (Light Shede)', 'Stone', '2021-09-02 06:06:52', '2021-09-02 06:06:52'),
(75, 1, 'BlueSapphire', 'Stone', '2021-09-02 06:06:52', '2021-09-02 06:06:52'),
(76, 1, 'Blush Triplet Quartz', 'Stone', '2021-09-02 06:06:52', '2021-09-02 06:06:52'),
(77, 1, 'Boulder Chrysoprase', 'Stone', '2021-09-02 06:06:52', '2021-09-02 06:06:52'),
(78, 1, 'Bronzite Quartz', 'Stone', '2021-09-02 06:06:52', '2021-09-02 06:06:52'),
(79, 1, 'Bumble Bee', 'Stone', '2021-09-02 06:06:52', '2021-09-02 06:06:52'),
(80, 1, 'Bumble Bee Jasper', 'Stone', '2021-09-02 06:06:52', '2021-09-02 06:06:52'),
(81, 1, 'Burmese Ruby', 'Stone', '2021-09-02 06:06:52', '2021-09-02 06:06:52'),
(82, 1, 'C.Z. Amethyst', 'Stone', '2021-09-02 06:06:52', '2021-09-02 06:06:52'),
(83, 1, 'C.Z. Aqua', 'Stone', '2021-09-02 06:06:52', '2021-09-02 06:06:52'),
(84, 1, 'C.Z. Black', 'Stone', '2021-09-02 06:06:52', '2021-09-02 06:06:52'),
(85, 1, 'C.Z. Blue Topaz', 'Stone', '2021-09-02 06:06:52', '2021-09-02 06:06:52'),
(86, 1, 'C.Z. Pink', 'Stone', '2021-09-02 06:06:52', '2021-09-02 06:06:52'),
(87, 1, 'C.Z. Red', 'Stone', '2021-09-02 06:06:52', '2021-09-02 06:06:52'),
(88, 1, 'C.Z. White', 'Stone', '2021-09-02 06:06:52', '2021-09-02 06:06:52'),
(89, 1, 'C.Z. Yellow', 'Stone', '2021-09-02 06:06:52', '2021-09-02 06:06:52'),
(90, 1, 'Carnelian', 'Stone', '2021-09-02 06:06:52', '2021-09-02 06:06:52'),
(91, 1, 'Carneline', 'Stone', '2021-09-02 06:06:52', '2021-09-02 06:06:52'),
(92, 1, 'Cats Eye', 'Stone', '2021-09-02 06:06:52', '2021-09-02 06:06:52'),
(93, 1, 'Chalcedony Orange', 'Stone', '2021-09-02 06:06:52', '2021-09-02 06:06:52'),
(94, 1, 'Chandan', 'Stone', '2021-09-02 06:06:52', '2021-09-02 06:06:52'),
(95, 1, 'Charoite', 'Stone', '2021-09-02 06:06:52', '2021-09-02 06:06:52'),
(96, 1, 'Charsoface Chalcedon', 'Stone', '2021-09-02 06:06:52', '2021-09-02 06:06:52'),
(97, 1, 'Chocolate Cul.Pearl', 'Stone', '2021-09-02 06:06:52', '2021-09-02 06:06:52'),
(98, 1, 'Chrome Diopside', 'Stone', '2021-09-02 06:06:52', '2021-09-02 06:06:52'),
(99, 1, 'CHROME SUNSTTRIPLATE', 'Stone', '2021-09-02 06:06:52', '2021-09-02 06:06:52'),
(100, 1, 'Chrysocola', 'Stone', '2021-09-02 06:06:52', '2021-09-02 06:06:52'),
(101, 1, 'Citrine', 'Stone', '2021-09-02 06:06:52', '2021-09-02 06:06:52'),
(102, 1, 'Citrine (Dark Shade)', 'Stone', '2021-09-02 06:06:52', '2021-09-02 06:06:52'),
(103, 1, 'Citrine (Light Shade)', 'Stone', '2021-09-02 06:06:52', '2021-09-02 06:06:52'),
(104, 1, 'Citrine(Yellow)', 'Stone', '2021-09-02 06:06:52', '2021-09-02 06:06:52'),
(105, 1, 'Coated Moonstone', 'Stone', '2021-09-02 06:06:52', '2021-09-02 06:06:52'),
(106, 1, 'Cognac Qrtz', 'Stone', '2021-09-02 06:06:52', '2021-09-02 06:06:52'),
(107, 1, 'Cognac Quartz', 'Stone', '2021-09-02 06:06:52', '2021-09-02 06:06:52'),
(108, 1, 'Coral', 'Stone', '2021-09-02 06:06:52', '2021-09-02 06:06:52'),
(109, 1, 'Crack Crystal Blue', 'Stone', '2021-09-02 06:06:52', '2021-09-02 06:06:52'),
(110, 1, 'Crack Crystal Green', 'Stone', '2021-09-02 06:06:52', '2021-09-02 06:06:52'),
(111, 1, 'Crackel Crystal Pink', 'Stone', '2021-09-02 06:06:52', '2021-09-02 06:06:52'),
(112, 1, 'Crystal Quartz', 'Stone', '2021-09-02 06:06:52', '2021-09-02 06:06:52'),
(113, 1, 'Crystal quartz', 'Stone', '2021-09-02 06:06:52', '2021-09-02 06:06:52'),
(114, 1, 'Cuamba Sapphire', 'Stone', '2021-09-02 06:06:52', '2021-09-02 06:06:52'),
(115, 1, 'Cultured Pearl (cab)', 'Stone', '2021-09-02 06:06:52', '2021-09-02 06:06:52'),
(116, 1, 'CZ Ruby', 'Stone', '2021-09-02 06:06:52', '2021-09-02 06:06:52'),
(117, 1, 'CZ sarrowski Good QA', 'Stone', '2021-09-02 06:06:52', '2021-09-02 06:06:52'),
(118, 1, 'Dalmation Jasper', 'Stone', '2021-09-02 06:06:52', '2021-09-02 06:06:52'),
(119, 1, 'Dendritic Agate', 'Stone', '2021-09-02 06:06:52', '2021-09-02 06:06:52'),
(120, 1, 'Diamond', 'Stone', '2021-09-02 06:06:52', '2021-09-02 06:06:52'),
(121, 1, 'Druzy Orange', 'Stone', '2021-09-02 06:06:52', '2021-09-02 06:06:52'),
(122, 1, 'Druzy Silver', 'Stone', '2021-09-02 06:06:52', '2021-09-02 06:06:52'),
(123, 1, 'Dumoritierite', 'Stone', '2021-09-02 06:06:52', '2021-09-02 06:06:52'),
(124, 1, 'Durazy', 'Stone', '2021-09-02 06:06:52', '2021-09-02 06:06:52'),
(125, 1, 'Egyption Turouoise', 'Stone', '2021-09-02 06:06:52', '2021-09-02 06:06:52'),
(126, 1, 'Emerald', 'Stone', '2021-09-02 06:06:52', '2021-09-02 06:06:52'),
(127, 1, 'Emerald (Sakota)', 'Stone', '2021-09-02 06:06:52', '2021-09-02 06:06:52'),
(128, 1, 'EMERALD CARANAIBA', 'Stone', '2021-09-02 06:06:52', '2021-09-02 06:06:52'),
(129, 1, 'EMERALD DOBLEET Q', 'Stone', '2021-09-02 06:06:52', '2021-09-02 06:06:52'),
(130, 1, 'Emerald(Green)', 'Stone', '2021-09-02 06:06:52', '2021-09-02 06:06:52'),
(131, 1, 'Emerld', 'Stone', '2021-09-02 06:06:52', '2021-09-02 06:06:52'),
(132, 1, 'Emerld (Sakota)', 'Stone', '2021-09-02 06:06:52', '2021-09-02 06:06:52'),
(133, 1, 'Ethiopian Opal', 'Stone', '2021-09-02 06:06:52', '2021-09-02 06:06:52'),
(134, 1, 'Ethopian Opal', 'Stone', '2021-09-02 06:06:52', '2021-09-02 06:06:52'),
(135, 1, 'Ethopion Opal', 'Stone', '2021-09-02 06:06:52', '2021-09-02 06:06:52'),
(136, 1, 'Fire Opal', 'Stone', '2021-09-02 06:06:52', '2021-09-02 06:06:52'),
(137, 1, 'FIREWORKS OBSIDIAN', 'Stone', '2021-09-02 06:06:52', '2021-09-02 06:06:52'),
(138, 1, 'Flint Stone', 'Stone', '2021-09-02 06:06:52', '2021-09-02 06:06:52'),
(139, 1, 'Flourite', 'Stone', '2021-09-02 06:06:52', '2021-09-02 06:06:52'),
(140, 1, 'Flower Corel', 'Stone', '2021-09-02 06:06:52', '2021-09-02 06:06:52'),
(141, 1, 'Fossil Agate', 'Stone', '2021-09-02 06:06:52', '2021-09-02 06:06:52'),
(142, 1, 'Garnet', 'Stone', '2021-09-02 06:06:52', '2021-09-02 06:06:52'),
(143, 1, 'Garnet (Dark Shade)', 'Stone', '2021-09-02 06:06:52', '2021-09-02 06:06:52'),
(144, 1, 'Garnet (light Shade)', 'Stone', '2021-09-02 06:06:52', '2021-09-02 06:06:52'),
(145, 1, 'Garnet colour change', 'Stone', '2021-09-02 06:06:52', '2021-09-02 06:06:52'),
(146, 1, 'Glass', 'Stone', '2021-09-02 06:06:52', '2021-09-02 06:06:52'),
(147, 1, 'Gold Heamatite', 'Stone', '2021-09-02 06:06:52', '2021-09-02 06:06:52'),
(148, 1, 'Golden Druzy', 'Stone', '2021-09-02 06:06:52', '2021-09-02 06:06:52'),
(149, 1, 'GOLDSHINE MOON', 'Stone', '2021-09-02 06:06:52', '2021-09-02 06:06:52'),
(150, 1, 'Goldstone Blue', 'Stone', '2021-09-02 06:06:52', '2021-09-02 06:06:52'),
(151, 1, 'Gray Agate', 'Stone', '2021-09-02 06:06:52', '2021-09-02 06:06:52'),
(152, 1, 'Green Amethyst', 'Stone', '2021-09-02 06:06:52', '2021-09-02 06:06:52'),
(153, 1, 'Green Apatite', 'Stone', '2021-09-02 06:06:52', '2021-09-02 06:06:52'),
(154, 1, 'Green Cubic Zirconia', 'Stone', '2021-09-02 06:06:52', '2021-09-02 06:06:52'),
(155, 1, 'Green Druzy', 'Stone', '2021-09-02 06:06:52', '2021-09-02 06:06:52'),
(156, 1, 'Green Gold Quartz', 'Stone', '2021-09-02 06:06:52', '2021-09-02 06:06:52'),
(157, 1, 'Green Jade', 'Stone', '2021-09-02 06:06:52', '2021-09-02 06:06:52'),
(158, 1, 'Green onyx', 'Stone', '2021-09-02 06:06:52', '2021-09-02 06:06:52'),
(159, 1, 'Green Onyx', 'Stone', '2021-09-02 06:06:52', '2021-09-02 06:06:52'),
(160, 1, 'Green Sapphire', 'Stone', '2021-09-02 06:06:52', '2021-09-02 06:06:52'),
(161, 1, 'Grey Chalcedony', 'Stone', '2021-09-02 06:06:52', '2021-09-02 06:06:52'),
(162, 1, 'Heamatite', 'Stone', '2021-09-02 06:06:52', '2021-09-02 06:06:52'),
(163, 1, 'Hesonite Garnet', 'Stone', '2021-09-02 06:06:52', '2021-09-02 06:06:52'),
(164, 1, 'Howlite', 'Stone', '2021-09-02 06:06:52', '2021-09-02 06:06:52'),
(165, 1, 'Indian Ruby', 'Stone', '2021-09-02 06:06:52', '2021-09-02 06:06:52'),
(166, 1, 'Indian Sapphire', 'Stone', '2021-09-02 06:06:52', '2021-09-02 06:06:52'),
(167, 1, 'INDIN OCEAN TRIPLATE', 'Stone', '2021-09-02 06:06:52', '2021-09-02 06:06:52'),
(168, 1, 'Iolite', 'Stone', '2021-09-02 06:06:52', '2021-09-02 06:06:52'),
(169, 1, 'Jasper Red', 'Stone', '2021-09-02 06:06:52', '2021-09-02 06:06:52'),
(170, 1, 'Johnson Ruby', 'Stone', '2021-09-02 06:06:52', '2021-09-02 06:06:52'),
(171, 1, 'Kyanite', 'Stone', '2021-09-02 06:06:52', '2021-09-02 06:06:52'),
(172, 1, 'Kyanite Blue', 'Stone', '2021-09-02 06:06:52', '2021-09-02 06:06:52'),
(173, 1, 'Lab Opal', 'Stone', '2021-09-02 06:06:52', '2021-09-02 06:06:52'),
(174, 1, 'Labradorite', 'Stone', '2021-09-02 06:06:52', '2021-09-02 06:06:52'),
(175, 1, 'Labrodorite', 'Stone', '2021-09-02 06:06:52', '2021-09-02 06:06:52'),
(176, 1, 'Lapis', 'Stone', '2021-09-02 06:06:52', '2021-09-02 06:06:52'),
(177, 1, 'Lapis ', 'Stone', '2021-09-02 06:06:52', '2021-09-02 06:06:52'),
(178, 1, 'Lapis Lazuli', 'Stone', '2021-09-02 06:06:52', '2021-09-02 06:06:52'),
(179, 1, 'Lapislazuli', 'Stone', '2021-09-02 06:06:52', '2021-09-02 06:06:52'),
(180, 1, 'Lapiz', 'Stone', '2021-09-02 06:06:52', '2021-09-02 06:06:52'),
(181, 1, 'larimar', 'Stone', '2021-09-02 06:06:52', '2021-09-02 06:06:52'),
(182, 1, 'lava triplet quartz', 'Stone', '2021-09-02 06:06:52', '2021-09-02 06:06:52'),
(183, 1, 'Lavender Quartz', 'Stone', '2021-09-02 06:06:52', '2021-09-02 06:06:52'),
(184, 1, 'Lavendor Chalci', 'Stone', '2021-09-02 06:06:52', '2021-09-02 06:06:52'),
(185, 1, 'LBT', 'Stone', '2021-09-02 06:06:52', '2021-09-02 06:06:52'),
(186, 1, 'LBT(Dark)', 'Stone', '2021-09-02 06:06:52', '2021-09-02 06:06:52'),
(187, 1, 'LBT(Light)', 'Stone', '2021-09-02 06:06:52', '2021-09-02 06:06:52'),
(188, 1, 'Lemon Quartz', 'Stone', '2021-09-02 06:06:52', '2021-09-02 06:06:52'),
(189, 1, 'Leopard Jasper', 'Stone', '2021-09-02 06:06:52', '2021-09-02 06:06:52'),
(190, 1, 'Line Onyx', 'Stone', '2021-09-02 06:06:52', '2021-09-02 06:06:52'),
(191, 1, 'London Blue Topaz', 'Stone', '2021-09-02 06:06:52', '2021-09-02 06:06:52'),
(192, 1, 'London Blue Topaz ', 'Stone', '2021-09-02 06:06:52', '2021-09-02 06:06:52'),
(193, 1, 'Madeira Citrine', 'Stone', '2021-09-02 06:06:52', '2021-09-02 06:06:52'),
(194, 1, 'Magnesite', 'Stone', '2021-09-02 06:06:52', '2021-09-02 06:06:52'),
(195, 1, 'Magnesite Turquise', 'Stone', '2021-09-02 06:06:52', '2021-09-02 06:06:52'),
(196, 1, 'Malachite', 'Stone', '2021-09-02 06:06:52', '2021-09-02 06:06:52'),
(197, 1, 'Mango Chalcy', 'Stone', '2021-09-02 06:06:52', '2021-09-02 06:06:52'),
(198, 1, 'Maraim', 'Stone', '2021-09-02 06:06:52', '2021-09-02 06:06:52'),
(199, 1, 'Mercury Mystic Topaz', 'Stone', '2021-09-02 06:06:52', '2021-09-02 06:06:52'),
(200, 1, 'Midnight Fuschia', 'Stone', '2021-09-02 06:06:52', '2021-09-02 06:06:52'),
(201, 1, 'Milky Tanzanite', 'Stone', '2021-09-02 06:06:52', '2021-09-02 06:06:52'),
(202, 1, 'Mint Chrysoprase', 'Stone', '2021-09-02 06:06:52', '2021-09-02 06:06:52'),
(203, 1, 'Mirrar', 'Stone', '2021-09-02 06:06:52', '2021-09-02 06:06:52'),
(204, 1, 'Mistik Topaz', 'Stone', '2021-09-02 06:06:52', '2021-09-02 06:06:52'),
(205, 1, 'Moonstone', 'Stone', '2021-09-02 06:06:52', '2021-09-02 06:06:52'),
(206, 1, 'Morccan Amethyst', 'Stone', '2021-09-02 06:06:52', '2021-09-02 06:06:52'),
(207, 1, 'Morganite', 'Stone', '2021-09-02 06:06:52', '2021-09-02 06:06:52'),
(208, 1, 'Morganite Triplet qz', 'Stone', '2021-09-02 06:06:52', '2021-09-02 06:06:52'),
(209, 1, 'Moroccan Amethyst', 'Stone', '2021-09-02 06:06:52', '2021-09-02 06:06:52'),
(210, 1, 'Moss Agate', 'Stone', '2021-09-02 06:06:52', '2021-09-02 06:06:52'),
(211, 1, 'Mother of Pearl', 'Stone', '2021-09-02 06:06:52', '2021-09-02 06:06:52'),
(212, 1, 'Muhave Turquoise', 'Stone', '2021-09-02 06:06:52', '2021-09-02 06:06:52'),
(213, 1, 'Multi Color Quartz', 'Stone', '2021-09-02 06:06:52', '2021-09-02 06:06:52'),
(214, 1, 'Multi Crackel Crysta', 'Stone', '2021-09-02 06:06:52', '2021-09-02 06:06:52'),
(215, 1, 'Multi Semi Presious', 'Stone', '2021-09-02 06:06:52', '2021-09-02 06:06:52'),
(216, 1, 'Multi Tourmaline', 'Stone', '2021-09-02 06:06:52', '2021-09-02 06:06:52'),
(217, 1, 'Natural Coral', 'Stone', '2021-09-02 06:06:52', '2021-09-02 06:06:52'),
(218, 1, 'Natural Turquise (cab)', 'Stone', '2021-09-02 06:06:52', '2021-09-02 06:06:52'),
(219, 1, 'Natural Zircon', 'Stone', '2021-09-02 06:06:52', '2021-09-02 06:06:52'),
(220, 1, 'Navratan Stone', 'Stone', '2021-09-02 06:06:52', '2021-09-02 06:06:52'),
(221, 1, 'Navraten', 'Stone', '2021-09-02 06:06:52', '2021-09-02 06:06:52'),
(222, 1, 'Obsidian Black', 'Stone', '2021-09-02 06:06:52', '2021-09-02 06:06:52'),
(223, 1, 'Olive Qrtz', 'Stone', '2021-09-02 06:06:52', '2021-09-02 06:06:52'),
(224, 1, 'Onyx Black', 'Stone', '2021-09-02 06:06:52', '2021-09-02 06:06:52'),
(225, 1, 'Onyx Green', 'Stone', '2021-09-02 06:06:52', '2021-09-02 06:06:52'),
(226, 1, 'Onyx Red', 'Stone', '2021-09-02 06:06:52', '2021-09-02 06:06:52'),
(227, 1, 'Opal Pink', 'Stone', '2021-09-02 06:06:52', '2021-09-02 06:06:52'),
(228, 1, 'Orange Chalce Qrtz', 'Stone', '2021-09-02 06:06:52', '2021-09-02 06:06:52'),
(229, 1, 'Orange Kyanite', 'Stone', '2021-09-02 06:06:52', '2021-09-02 06:06:52'),
(230, 1, 'Orange Oyster Copper', 'Stone', '2021-09-02 06:06:52', '2021-09-02 06:06:52'),
(231, 1, 'Orange Sapphire', 'Stone', '2021-09-02 06:06:52', '2021-09-02 06:06:52'),
(232, 1, 'Orchid Triplet Qtz', 'Stone', '2021-09-02 06:06:52', '2021-09-02 06:06:52'),
(233, 1, 'P.P Quartz', 'Stone', '2021-09-02 06:06:52', '2021-09-02 06:06:52'),
(234, 1, 'Padparadscha', 'Stone', '2021-09-02 06:06:52', '2021-09-02 06:06:52'),
(235, 1, 'Peach Moon Stone', 'Stone', '2021-09-02 06:06:52', '2021-09-02 06:06:52'),
(236, 1, 'Peach Moonstone', 'Stone', '2021-09-02 06:06:52', '2021-09-02 06:06:52'),
(237, 1, 'Pearl', 'Stone', '2021-09-02 06:06:52', '2021-09-02 06:06:52'),
(238, 1, 'Peridot', 'Stone', '2021-09-02 06:06:52', '2021-09-02 06:06:52'),
(239, 1, 'Peridot Colour CZ', 'Stone', '2021-09-02 06:06:52', '2021-09-02 06:06:52'),
(240, 1, 'Peru Amazonite', 'Stone', '2021-09-02 06:06:52', '2021-09-02 06:06:52'),
(241, 1, 'PetroL Blue Quartz', 'Stone', '2021-09-02 06:06:52', '2021-09-02 06:06:52'),
(242, 1, 'Phosfodrite', 'Stone', '2021-09-02 06:06:52', '2021-09-02 06:06:52'),
(243, 1, 'Picture Agate', 'Stone', '2021-09-02 06:06:52', '2021-09-02 06:06:52'),
(244, 1, 'Pietersite', 'Stone', '2021-09-02 06:06:52', '2021-09-02 06:06:52'),
(245, 1, 'Pink  Amethyst', 'Stone', '2021-09-02 06:06:52', '2021-09-02 06:06:52'),
(246, 1, 'Pink Amethyst', 'Stone', '2021-09-02 06:06:52', '2021-09-02 06:06:52'),
(247, 1, 'Pink Calcite W Black', 'Stone', '2021-09-02 06:06:52', '2021-09-02 06:06:52'),
(248, 1, 'Pink Chalcedony', 'Stone', '2021-09-02 06:06:52', '2021-09-02 06:06:52'),
(249, 1, 'Pink Chelcedony', 'Stone', '2021-09-02 06:06:52', '2021-09-02 06:06:52'),
(250, 1, 'Pink CZ', 'Stone', '2021-09-02 06:06:52', '2021-09-02 06:06:52'),
(251, 1, 'Pink Lace Agate', 'Stone', '2021-09-02 06:06:52', '2021-09-02 06:06:52'),
(252, 1, 'Pink Morg. InHouse', 'Stone', '2021-09-02 06:06:52', '2021-09-02 06:06:52'),
(253, 1, 'Pink Morganite', 'Stone', '2021-09-02 06:06:52', '2021-09-02 06:06:52'),
(254, 1, 'Pink opal', 'Stone', '2021-09-02 06:06:52', '2021-09-02 06:06:52'),
(255, 1, 'Pink Opal With Kingm', 'Stone', '2021-09-02 06:06:52', '2021-09-02 06:06:52'),
(256, 1, 'Pink Pearl', 'Stone', '2021-09-02 06:06:52', '2021-09-02 06:06:52'),
(257, 1, 'Pink Quartz', 'Stone', '2021-09-02 06:06:52', '2021-09-02 06:06:52'),
(258, 1, 'Pink Sapphire', 'Stone', '2021-09-02 06:06:52', '2021-09-02 06:06:52'),
(259, 1, 'Pink Topaz', 'Stone', '2021-09-02 06:06:52', '2021-09-02 06:06:52'),
(260, 1, 'Pink Tourmaline', 'Stone', '2021-09-02 06:06:52', '2021-09-02 06:06:52'),
(261, 1, 'Pink Turmalines', 'Stone', '2021-09-02 06:06:52', '2021-09-02 06:06:52'),
(262, 1, 'Pranite quratz', 'Stone', '2021-09-02 06:06:52', '2021-09-02 06:06:52'),
(263, 1, 'Prasiolite', 'Stone', '2021-09-02 06:06:52', '2021-09-02 06:06:52'),
(264, 1, 'Prehnite chalcedony', 'Stone', '2021-09-02 06:06:52', '2021-09-02 06:06:52'),
(265, 1, 'Prinite', 'Stone', '2021-09-02 06:06:52', '2021-09-02 06:06:52'),
(266, 1, 'Purple Chalsi quartz', 'Stone', '2021-09-02 06:06:52', '2021-09-02 06:06:52'),
(267, 1, 'Purple Copper Turquo', 'Stone', '2021-09-02 06:06:52', '2021-09-02 06:06:52'),
(268, 1, 'Purple CZ', 'Stone', '2021-09-02 06:06:52', '2021-09-02 06:06:52'),
(269, 1, 'Purple Druzy', 'Stone', '2021-09-02 06:06:52', '2021-09-02 06:06:52'),
(270, 1, 'Pyrite', 'Stone', '2021-09-02 06:06:52', '2021-09-02 06:06:52'),
(271, 1, 'Quartz Aqua Blue', 'Stone', '2021-09-02 06:06:52', '2021-09-02 06:06:52'),
(272, 1, 'Quartz Beer', 'Stone', '2021-09-02 06:06:52', '2021-09-02 06:06:52'),
(273, 1, 'Quartz Blue', 'Stone', '2021-09-02 06:06:52', '2021-09-02 06:06:52'),
(274, 1, 'Quartz Champagne', 'Stone', '2021-09-02 06:06:52', '2021-09-02 06:06:52'),
(275, 1, 'Quartz Crystal', 'Stone', '2021-09-02 06:06:52', '2021-09-02 06:06:52'),
(276, 1, 'Quartz Fern Green', 'Stone', '2021-09-02 06:06:52', '2021-09-02 06:06:52'),
(277, 1, 'Quartz Golden Rutile', 'Stone', '2021-09-02 06:06:52', '2021-09-02 06:06:52'),
(278, 1, 'Quartz Green', 'Stone', '2021-09-02 06:06:52', '2021-09-02 06:06:52'),
(279, 1, 'Quartz Green Gold', 'Stone', '2021-09-02 06:06:52', '2021-09-02 06:06:52'),
(280, 1, 'Quartz Lemon', 'Stone', '2021-09-02 06:06:52', '2021-09-02 06:06:52'),
(281, 1, 'Quartz Padparascha', 'Stone', '2021-09-02 06:06:52', '2021-09-02 06:06:52'),
(282, 1, 'Quartz Rose', 'Stone', '2021-09-02 06:06:52', '2021-09-02 06:06:52'),
(283, 1, 'Quartz Rutile Black', 'Stone', '2021-09-02 06:06:52', '2021-09-02 06:06:52'),
(284, 1, 'Quartz Smokey', 'Stone', '2021-09-02 06:06:52', '2021-09-02 06:06:52'),
(285, 1, 'Quartz Strawberry', 'Stone', '2021-09-02 06:06:52', '2021-09-02 06:06:52'),
(286, 1, 'Rainbow Calschia', 'Stone', '2021-09-02 06:06:52', '2021-09-02 06:06:52'),
(287, 1, 'Rainbow Moon Stone', 'Stone', '2021-09-02 06:06:52', '2021-09-02 06:06:52'),
(288, 1, 'Rainbow Moonstone', 'Stone', '2021-09-02 06:06:52', '2021-09-02 06:06:52'),
(289, 1, 'Ratnagiri Zircon', 'Stone', '2021-09-02 06:06:52', '2021-09-02 06:06:52'),
(290, 1, 'Red Chelcedony', 'Stone', '2021-09-02 06:06:52', '2021-09-02 06:06:52'),
(291, 1, 'Red Coral', 'Stone', '2021-09-02 06:06:52', '2021-09-02 06:06:52'),
(292, 1, 'Red Jad', 'Stone', '2021-09-02 06:06:52', '2021-09-02 06:06:52'),
(293, 1, 'Red Jade', 'Stone', '2021-09-02 06:06:52', '2021-09-02 06:06:52'),
(294, 1, 'Red Quartz', 'Stone', '2021-09-02 06:06:52', '2021-09-02 06:06:52'),
(295, 1, 'Red Spinel', 'Stone', '2021-09-02 06:06:52', '2021-09-02 06:06:52'),
(296, 1, 'Rhodocrosite', 'Stone', '2021-09-02 06:06:52', '2021-09-02 06:06:52'),
(297, 1, 'Rhodolite', 'Stone', '2021-09-02 06:06:52', '2021-09-02 06:06:52'),
(298, 1, 'Rhodolite Garnet', 'Stone', '2021-09-02 06:06:52', '2021-09-02 06:06:52'),
(299, 1, 'Rhodolite Garnet Glass', 'Stone', '2021-09-02 06:06:52', '2021-09-02 06:06:52'),
(300, 1, 'Rhodonite', 'Stone', '2021-09-02 06:06:52', '2021-09-02 06:06:52'),
(301, 1, 'Rose Quartz', 'Stone', '2021-09-02 06:06:52', '2021-09-02 06:06:52'),
(302, 1, 'Royal Blue Quartz', 'Stone', '2021-09-02 06:06:52', '2021-09-02 06:06:52'),
(303, 1, 'Ruby', 'Stone', '2021-09-02 06:06:52', '2021-09-02 06:06:52'),
(304, 1, 'Ruby Glass', 'Stone', '2021-09-02 06:06:52', '2021-09-02 06:06:52'),
(305, 1, 'Ruby Qrtz', 'Stone', '2021-09-02 06:06:52', '2021-09-02 06:06:52'),
(306, 1, 'Rudraksh', 'Stone', '2021-09-02 06:06:52', '2021-09-02 06:06:52'),
(307, 1, 'Sapphire Blue', 'Stone', '2021-09-02 06:06:52', '2021-09-02 06:06:52'),
(308, 1, 'Sapphire Multi', 'Stone', '2021-09-02 06:06:52', '2021-09-02 06:06:52'),
(309, 1, 'Sapphire Pink', 'Stone', '2021-09-02 06:06:52', '2021-09-02 06:06:52'),
(310, 1, 'Sapphire White', 'Stone', '2021-09-02 06:06:52', '2021-09-02 06:06:52'),
(311, 1, 'Sapphire Yellow', 'Stone', '2021-09-02 06:06:52', '2021-09-02 06:06:52'),
(312, 1, 'SBT', 'Stone', '2021-09-02 06:06:52', '2021-09-02 06:06:52'),
(313, 1, 'Seammoss Quartz', 'Stone', '2021-09-02 06:06:52', '2021-09-02 06:06:52'),
(314, 1, 'Serpentine', 'Stone', '2021-09-02 06:06:52', '2021-09-02 06:06:52'),
(315, 1, 'Shattukatite', 'Stone', '2021-09-02 06:06:52', '2021-09-02 06:06:52'),
(316, 1, 'SHIVAY', 'Stone', '2021-09-02 06:06:52', '2021-09-02 06:06:52'),
(317, 1, 'Silver Cul. Pearl', 'Stone', '2021-09-02 06:06:52', '2021-09-02 06:06:52'),
(318, 1, 'SKY Blue Topaz ', 'Stone', '2021-09-02 06:06:52', '2021-09-02 06:06:52'),
(319, 1, 'Sky Blue Topaz     ', 'Stone', '2021-09-02 06:06:52', '2021-09-02 06:06:52'),
(320, 1, 'Sleeping Beauty Tueq', 'Stone', '2021-09-02 06:06:52', '2021-09-02 06:06:52'),
(321, 1, 'Smokey Quartz', 'Stone', '2021-09-02 06:06:52', '2021-09-02 06:06:52'),
(322, 1, 'Sodalite Wheel', 'Stone', '2021-09-02 06:06:52', '2021-09-02 06:06:52'),
(323, 1, 'Spinal Black', 'Stone', '2021-09-02 06:06:52', '2021-09-02 06:06:52'),
(324, 1, 'Surreal Triplet Qtz', 'Stone', '2021-09-02 06:06:52', '2021-09-02 06:06:52'),
(325, 1, 'Swiss Blue Topaz', 'Stone', '2021-09-02 06:06:52', '2021-09-02 06:06:52'),
(326, 1, 'Synthetic Barque Peral', 'Stone', '2021-09-02 06:06:52', '2021-09-02 06:06:52'),
(327, 1, 'Synthetic Blue Copper', 'Stone', '2021-09-02 06:06:52', '2021-09-02 06:06:52'),
(328, 1, 'Synthetic MOP', 'Stone', '2021-09-02 06:06:52', '2021-09-02 06:06:52'),
(329, 1, 'Synthetic Pearl Bead', 'Stone', '2021-09-02 06:06:52', '2021-09-02 06:06:52'),
(330, 1, 'Synthetic Pink Bead', 'Stone', '2021-09-02 06:06:52', '2021-09-02 06:06:52'),
(331, 1, 'Synthetic White Bead', 'Stone', '2021-09-02 06:06:52', '2021-09-02 06:06:52'),
(332, 1, 'Synthetic White Pearl', 'Stone', '2021-09-02 06:06:52', '2021-09-02 06:06:52'),
(333, 1, 'Synthtic Opel', 'Stone', '2021-09-02 06:06:52', '2021-09-02 06:06:52'),
(334, 1, 'Tanazanite', 'Stone', '2021-09-02 06:06:52', '2021-09-02 06:06:52'),
(335, 1, 'Tanazanite (Dark Shade)', 'Stone', '2021-09-02 06:06:52', '2021-09-02 06:06:52'),
(336, 1, 'Tanazanite(Light Shade)', 'Stone', '2021-09-02 06:06:52', '2021-09-02 06:06:52'),
(337, 1, 'Tanzanite', 'Stone', '2021-09-02 06:06:52', '2021-09-02 06:06:52'),
(338, 1, 'Thai Ruby', 'Stone', '2021-09-02 06:06:52', '2021-09-02 06:06:52'),
(339, 1, 'Thulite', 'Stone', '2021-09-02 06:06:52', '2021-09-02 06:06:52'),
(340, 1, 'Tigers Eye', 'Stone', '2021-09-02 06:06:52', '2021-09-02 06:06:52'),
(341, 1, 'Topaz Liberty Blue', 'Stone', '2021-09-02 06:06:52', '2021-09-02 06:06:52'),
(342, 1, 'Topaz London Blue', 'Stone', '2021-09-02 06:06:52', '2021-09-02 06:06:52'),
(343, 1, 'Topaz Padparascha', 'Stone', '2021-09-02 06:06:52', '2021-09-02 06:06:52'),
(344, 1, 'Topaz Sky Blue', 'Stone', '2021-09-02 06:06:52', '2021-09-02 06:06:52'),
(345, 1, 'Topaz Swiss Blue', 'Stone', '2021-09-02 06:06:52', '2021-09-02 06:06:52'),
(346, 1, 'Topaz True Blue', 'Stone', '2021-09-02 06:06:52', '2021-09-02 06:06:52'),
(347, 1, 'Topaz White', 'Stone', '2021-09-02 06:06:52', '2021-09-02 06:06:52'),
(348, 1, 'Tourmaline Green', 'Stone', '2021-09-02 06:06:52', '2021-09-02 06:06:52'),
(349, 1, 'Tourmaline Multi', 'Stone', '2021-09-02 06:06:52', '2021-09-02 06:06:52'),
(350, 1, 'Tourmaline Pink', 'Stone', '2021-09-02 06:06:52', '2021-09-02 06:06:52'),
(351, 1, 'True Blue Topaz', 'Stone', '2021-09-02 06:06:52', '2021-09-02 06:06:52'),
(352, 1, 'Tsavorite', 'Stone', '2021-09-02 06:06:52', '2021-09-02 06:06:52'),
(353, 1, 'Tsavorite Garnet', 'Stone', '2021-09-02 06:06:52', '2021-09-02 06:06:52'),
(354, 1, 'Tulshi Mala', 'Stone', '2021-09-02 06:06:52', '2021-09-02 06:06:52'),
(355, 1, 'Turquise Couper', 'Stone', '2021-09-02 06:06:52', '2021-09-02 06:06:52'),
(356, 1, 'Turquise Qrtz', 'Stone', '2021-09-02 06:06:52', '2021-09-02 06:06:52'),
(357, 1, 'Turquoise', 'Stone', '2021-09-02 06:06:52', '2021-09-02 06:06:52'),
(358, 1, 'Turquoise Blue', 'Stone', '2021-09-02 06:06:52', '2021-09-02 06:06:52'),
(359, 1, 'Turquoise Green', 'Stone', '2021-09-02 06:06:52', '2021-09-02 06:06:52'),
(360, 1, 'Turquoise Megnesite', 'Stone', '2021-09-02 06:06:52', '2021-09-02 06:06:52'),
(361, 1, 'Turquoise(Magnesite', 'Stone', '2021-09-02 06:06:52', '2021-09-02 06:06:52'),
(362, 1, 'Turteela Quartz', 'Stone', '2021-09-02 06:06:52', '2021-09-02 06:06:52'),
(363, 1, 'TZ', 'Stone', '2021-09-02 06:06:52', '2021-09-02 06:06:52'),
(364, 1, 'Water Melon Turmulin', 'Stone', '2021-09-02 06:06:52', '2021-09-02 06:06:52'),
(365, 1, 'White Agate', 'Stone', '2021-09-02 06:06:52', '2021-09-02 06:06:52'),
(366, 1, 'White Calcite With B', 'Stone', '2021-09-02 06:06:52', '2021-09-02 06:06:52'),
(367, 1, 'White Calcite With C', 'Stone', '2021-09-02 06:06:52', '2021-09-02 06:06:52'),
(368, 1, 'White Chalcedony', 'Stone', '2021-09-02 06:06:52', '2021-09-02 06:06:52'),
(369, 1, 'White CZ', 'Stone', '2021-09-02 06:06:52', '2021-09-02 06:06:52'),
(370, 1, 'White Cz', 'Stone', '2021-09-02 06:06:52', '2021-09-02 06:06:52'),
(371, 1, 'White Druzy', 'Stone', '2021-09-02 06:06:52', '2021-09-02 06:06:52'),
(372, 1, 'White Moon stone', 'Stone', '2021-09-02 06:06:52', '2021-09-02 06:06:52'),
(373, 1, 'White Opal Chalcedon', 'Stone', '2021-09-02 06:06:52', '2021-09-02 06:06:52'),
(374, 1, 'White Pearl', 'Stone', '2021-09-02 06:06:52', '2021-09-02 06:06:52'),
(375, 1, 'White Quartz', 'Stone', '2021-09-02 06:06:52', '2021-09-02 06:06:52'),
(376, 1, 'White Sapphire', 'Stone', '2021-09-02 06:06:52', '2021-09-02 06:06:52'),
(377, 1, 'White Topaz', 'Stone', '2021-09-02 06:06:52', '2021-09-02 06:06:52'),
(378, 1, 'White Topaz(white)', 'Stone', '2021-09-02 06:06:52', '2021-09-02 06:06:52'),
(379, 1, 'Yellow Aquamarine', 'Stone', '2021-09-02 06:06:52', '2021-09-02 06:06:52'),
(380, 1, 'Yellow Calcite With', 'Stone', '2021-09-02 06:06:52', '2021-09-02 06:06:52'),
(381, 1, 'Yellow Cul. Pearl', 'Stone', '2021-09-02 06:06:52', '2021-09-02 06:06:52'),
(382, 1, 'Yellow Quartz', 'Stone', '2021-09-02 06:06:52', '2021-09-02 06:06:52'),
(383, 1, 'Zambian Emerald', 'Stone', '2021-09-02 06:06:52', '2021-09-02 06:06:52'),
(384, 1, 'Zircon Natural', 'Stone', '2021-09-02 06:06:52', '2021-09-02 06:06:52'),
(385, 1, 'Amezonite', 'Stone', '2021-09-02 06:06:52', '2021-09-02 06:06:52'),
(386, 1, '=#N/A', 'Stone', '2021-09-02 06:06:52', '2021-09-02 06:06:52'),
(387, 1, 'Perl', 'Stone', '2021-09-02 06:06:52', '2021-09-02 06:06:52'),
(388, 1, 'PAdParacha Quartz', 'Stone', '2021-09-02 06:06:52', '2021-09-02 06:06:52'),
(389, 1, 'Quartz Red', 'Stone', '2021-09-02 06:06:52', '2021-09-02 06:06:52'),
(390, 1, 'Smoky Quartz', 'Stone', '2021-09-02 06:06:52', '2021-09-02 06:06:52'),
(391, 1, 'Ruby Glass Filled', 'Stone', '2021-09-02 06:06:52', '2021-09-02 06:06:52'),
(392, 1, 'Black Spinal', 'Stone', '2021-09-02 06:06:52', '2021-09-02 06:06:52'),
(393, 1, 'Tiger Eye', 'Stone', '2021-09-02 06:06:52', '2021-09-02 06:06:52'),
(394, 1, 'Mikly Aquamarine', 'Stone', '2021-09-02 06:06:52', '2021-09-02 06:06:52'),
(395, 1, 'Siwss Blue Topaz', 'Stone', '2021-09-02 06:06:52', '2021-09-02 06:06:52'),
(396, 1, 'Red Onyx ', 'Stone', '2021-09-02 06:06:52', '2021-09-02 06:06:52'),
(397, 1, 'Australian Pink Opal', 'Stone', '2021-09-02 06:06:52', '2021-09-02 06:06:52'),
(398, 1, 'Purple Copper Turquoise', 'Stone', '2021-09-02 06:06:52', '2021-09-02 06:06:52'),
(399, 1, 'Moos Agate ', 'Stone', '2021-09-02 06:06:52', '2021-09-02 06:06:52'),
(400, 1, 'Natural Zorcon', 'Stone', '2021-09-02 06:06:52', '2021-09-02 06:06:52'),
(401, 1, 'Pink tourmaline ', 'Stone', '2021-09-02 06:06:52', '2021-09-02 06:06:52'),
(402, 1, 'Sky Blue Topaz', 'Stone', '2021-09-02 06:06:52', '2021-09-02 06:06:52'),
(403, 1, 'Mango Chalcedone', 'Stone', '2021-09-02 06:06:52', '2021-09-02 06:06:52'),
(404, 1, 'Blue Chalcedone', 'Stone', '2021-09-02 06:06:52', '2021-09-02 06:06:52'),
(405, 1, 'White Culcered Pearl', 'Stone', '2021-09-02 06:06:52', '2021-09-02 06:06:52'),
(406, 1, 'Labradorite ', 'Stone', '2021-09-02 06:06:52', '2021-09-02 06:06:52'),
(407, 1, 'White Magnesite', 'Stone', '2021-09-02 06:06:52', '2021-09-02 06:06:52'),
(408, 1, 'Light-Colour Tiger Eye', 'Stone', '2021-09-02 06:06:52', '2021-09-02 06:06:52'),
(409, 1, 'Padparadscha Quartz', 'Stone', '2021-09-02 06:06:52', '2021-09-02 06:06:52'),
(410, 1, 'Magnesite turquoise', 'Stone', '2021-09-02 06:06:52', '2021-09-02 06:06:52'),
(411, 1, 'Black Sunstone', 'Stone', '2021-09-02 06:06:52', '2021-09-02 06:06:52'),
(412, 1, 'Blue Goldstone', 'Stone', '2021-09-02 06:06:52', '2021-09-02 06:06:52'),
(413, 1, 'Dalamtion Jasper', 'Stone', '2021-09-02 06:06:52', '2021-09-02 06:06:52'),
(414, 1, 'Milki Aquamarine', 'Stone', '2021-09-02 06:06:52', '2021-09-02 06:06:52'),
(415, 1, 'Black Onyx', 'Stone', '2021-09-02 06:06:52', '2021-09-02 06:06:52'),
(416, 1, 'Purple Coated Moonstone', 'Stone', '2021-09-02 06:06:52', '2021-09-02 06:06:52'),
(417, 1, 'Bronzite', 'Stone', '2021-09-02 06:06:52', '2021-09-02 06:06:52'),
(418, 1, 'Blue Lace Agate', 'Stone', '2021-09-02 06:06:52', '2021-09-02 06:06:52'),
(419, 1, 'Magnesite Turquoise', 'Stone', '2021-09-02 06:06:52', '2021-09-02 06:06:52'),
(420, 1, 'Mango Chalcedony', 'Stone', '2021-09-02 06:06:52', '2021-09-02 06:06:52'),
(421, 1, 'White Topaz ', 'Stone', '2021-09-02 06:06:52', '2021-09-02 06:06:52'),
(422, 1, 'Blue Sapphire (indian)', 'Stone', '2021-09-02 06:06:52', '2021-09-02 06:06:52'),
(423, 1, 'Ethiopion Opal', 'Stone', '2021-09-02 06:06:52', '2021-09-02 06:06:52'),
(424, 1, 'Pink Amethyst ', 'Stone', '2021-09-02 06:06:52', '2021-09-02 06:06:52'),
(425, 1, 'chrome Diopside', 'Stone', '2021-09-02 06:06:52', '2021-09-02 06:06:52'),
(426, 1, 'white Cultured pearl', 'Stone', '2021-09-02 06:06:52', '2021-09-02 06:06:52'),
(427, 1, 'Silver Pearl', 'Stone', '2021-09-02 06:06:52', '2021-09-02 06:06:52'),
(428, 1, 'Suth sea pearl', 'Stone', '2021-09-02 06:06:52', '2021-09-02 06:06:52'),
(429, 1, 'Fresh water pearl', 'Stone', '2021-09-02 06:06:52', '2021-09-02 06:06:52'),
(430, 1, 'white  pearl', 'Stone', '2021-09-02 06:06:52', '2021-09-02 06:06:52'),
(431, 1, 'ANTHILL GARNET', 'Stone', '2021-09-02 06:06:52', '2021-09-02 06:06:52'),
(432, 1, 'Emearld', 'Stone', '2021-09-02 06:06:52', '2021-09-02 06:06:52'),
(433, 1, 'Champagne quartz', 'Stone', '2021-09-02 06:06:52', '2021-09-02 06:06:52'),
(434, 1, 'Fern green quartz', 'Stone', '2021-09-02 06:06:52', '2021-09-02 06:06:52'),
(435, 1, 'Padparadscha quartz', 'Stone', '2021-09-02 06:06:52', '2021-09-02 06:06:52'),
(436, 1, 'SKY blue topaz', 'Stone', '2021-09-02 06:06:52', '2021-09-02 06:06:52'),
(437, 1, 'Blue chalcedony', 'Stone', '2021-09-02 06:06:52', '2021-09-02 06:06:52'),
(438, 1, 'Grey cultured Pearl', 'Stone', '2021-09-02 06:06:52', '2021-09-02 06:06:52'),
(439, 1, 'White cultured Pearl', 'Stone', '2021-09-02 06:06:52', '2021-09-02 06:06:52'),
(440, 1, 'Green Turmaline', 'Stone', '2021-09-02 06:06:52', '2021-09-02 06:06:52'),
(441, 1, 'light Green Turmaline', 'Stone', '2021-09-02 06:06:52', '2021-09-02 06:06:52'),
(442, 1, 'light Pink Turmaline', 'Stone', '2021-09-02 06:06:52', '2021-09-02 06:06:52'),
(443, 1, ' Pink Turmaline', 'Stone', '2021-09-02 06:06:52', '2021-09-02 06:06:52'),
(444, 1, 'Blue Moonstone', 'Stone', '2021-09-02 06:06:52', '2021-09-02 06:06:52'),
(445, 1, 'Blue Kyanite', 'Stone', '2021-09-02 06:06:52', '2021-09-02 06:06:52'),
(446, 1, 'Mother of pearl', 'Stone', '2021-09-02 06:06:52', '2021-09-02 06:06:52'),
(447, 2, 'AME', 'sub_cat', '2021-09-02 22:52:45', '2021-09-02 22:52:45'),
(448, 2, 'ABA', 'sub_cat', '2021-09-02 22:52:45', '2021-09-02 22:52:45'),
(449, 2, 'AGB', 'sub_cat', '2021-09-02 22:52:45', '2021-09-02 22:52:45'),
(450, 2, 'ALX', 'sub_cat', '2021-09-02 22:52:45', '2021-09-02 22:52:45'),
(451, 2, 'AMZ', 'sub_cat', '2021-09-02 22:52:45', '2021-09-02 22:52:45'),
(452, 2, 'AMR', 'sub_cat', '2021-09-02 22:52:45', '2021-09-02 22:52:45'),
(453, 2, 'AMG', 'sub_cat', '2021-09-02 22:52:45', '2021-09-02 22:52:45'),
(454, 2, 'ALA', 'sub_cat', '2021-09-02 22:52:45', '2021-09-02 22:52:45'),
(455, 2, 'AMT', 'sub_cat', '2021-09-02 22:52:45', '2021-09-02 22:52:45'),
(456, 2, 'TAQ', 'sub_cat', '2021-09-02 22:52:45', '2021-09-02 22:52:45'),
(457, 2, 'AND', 'sub_cat', '2021-09-02 22:52:45', '2021-09-02 22:52:45'),
(458, 2, 'AGL', 'sub_cat', '2021-09-02 22:52:45', '2021-09-02 22:52:45'),
(459, 2, 'ANG', 'sub_cat', '2021-09-02 22:52:45', '2021-09-02 22:52:45'),
(460, 2, 'APT', 'sub_cat', '2021-09-02 22:52:45', '2021-09-02 22:52:45'),
(461, 2, 'AQM', 'sub_cat', '2021-09-02 22:52:45', '2021-09-02 22:52:45'),
(462, 2, 'QAC', 'sub_cat', '2021-09-02 22:52:45', '2021-09-02 22:52:45'),
(463, 2, 'CHA', 'sub_cat', '2021-09-02 22:52:45', '2021-09-02 22:52:45'),
(464, 2, 'DZA', 'sub_cat', '2021-09-02 22:52:45', '2021-09-02 22:52:45'),
(465, 2, 'AMK', 'sub_cat', '2021-09-02 22:52:45', '2021-09-02 22:52:45'),
(466, 2, 'TAT', 'sub_cat', '2021-09-02 22:52:45', '2021-09-02 22:52:45'),
(467, 2, 'AQP', 'sub_cat', '2021-09-02 22:52:45', '2021-09-02 22:52:45'),
(468, 2, 'TQA', 'sub_cat', '2021-09-02 22:52:45', '2021-09-02 22:52:45'),
(469, 2, 'TAS', 'sub_cat', '2021-09-02 22:52:45', '2021-09-02 22:52:45'),
(470, 2, 'OPA', 'sub_cat', '2021-09-02 22:52:45', '2021-09-02 22:52:45'),
(471, 2, 'OEA', 'sub_cat', '2021-09-02 22:52:45', '2021-09-02 22:52:45'),
(472, 2, 'AVL', 'sub_cat', '2021-09-02 22:52:45', '2021-09-02 22:52:45'),
(473, 2, 'AVG', 'sub_cat', '2021-09-02 22:52:45', '2021-09-02 22:52:45'),
(474, 2, 'ABT', 'sub_cat', '2021-09-02 22:52:45', '2021-09-02 22:52:45'),
(475, 2, 'AZC', 'sub_cat', '2021-09-02 22:52:45', '2021-09-02 22:52:45'),
(476, 2, 'ALC', 'sub_cat', '2021-09-02 22:52:45', '2021-09-02 22:52:45'),
(477, 2, 'BOA', 'sub_cat', '2021-09-02 22:52:45', '2021-09-02 22:52:45'),
(478, 2, 'BLA', 'sub_cat', '2021-09-02 22:52:45', '2021-09-02 22:52:45'),
(479, 2, 'BOC', 'sub_cat', '2021-09-02 22:52:45', '2021-09-02 22:52:45'),
(480, 2, 'OXB', 'sub_cat', '2021-09-02 22:52:45', '2021-09-02 22:52:45'),
(481, 2, 'OPC', 'sub_cat', '2021-09-02 22:52:45', '2021-09-02 22:52:45'),
(482, 2, 'QBL', 'sub_cat', '2021-09-02 22:52:45', '2021-09-02 22:52:45'),
(483, 2, 'SNB', 'sub_cat', '2021-09-02 22:52:45', '2021-09-02 22:52:45'),
(484, 2, 'BST', 'sub_cat', '2021-09-02 22:52:45', '2021-09-02 22:52:45'),
(485, 2, 'CHB', 'sub_cat', '2021-09-02 22:52:45', '2021-09-02 22:52:45'),
(486, 2, 'QCB', 'sub_cat', '2021-09-02 22:52:45', '2021-09-02 22:52:45'),
(487, 2, 'TCB', 'sub_cat', '2021-09-02 22:52:45', '2021-09-02 22:52:45'),
(488, 2, 'BCM', 'sub_cat', '2021-09-02 22:52:45', '2021-09-02 22:52:45'),
(489, 2, 'BCZ', 'sub_cat', '2021-09-02 22:52:45', '2021-09-02 22:52:45'),
(490, 2, 'DZB', 'sub_cat', '2021-09-02 22:52:45', '2021-09-02 22:52:45'),
(491, 2, 'BHE', 'sub_cat', '2021-09-02 22:52:45', '2021-09-02 22:52:45'),
(492, 2, 'BLC', 'sub_cat', '2021-09-02 22:52:45', '2021-09-02 22:52:45'),
(493, 2, 'BTC', 'sub_cat', '2021-09-02 22:52:45', '2021-09-02 22:52:45'),
(494, 2, 'OPB', 'sub_cat', '2021-09-02 22:52:45', '2021-09-02 22:52:45'),
(495, 2, 'QBC', 'sub_cat', '2021-09-02 22:52:45', '2021-09-02 22:52:45'),
(496, 2, 'SPB', 'sub_cat', '2021-09-02 22:52:45', '2021-09-02 22:52:45'),
(497, 2, 'BSG', 'sub_cat', '2021-09-02 22:52:45', '2021-09-02 22:52:45'),
(498, 2, 'BSS', 'sub_cat', '2021-09-02 22:52:45', '2021-09-02 22:52:45'),
(499, 2, 'TBQ', 'sub_cat', '2021-09-02 22:52:45', '2021-09-02 22:52:45'),
(500, 2, 'BDC', 'sub_cat', '2021-09-02 22:52:45', '2021-09-02 22:52:45'),
(501, 2, 'BNZ', 'sub_cat', '2021-09-02 22:52:45', '2021-09-02 22:52:45'),
(502, 2, 'BMB', 'sub_cat', '2021-09-02 22:52:45', '2021-09-02 22:52:45'),
(503, 2, 'JBB', 'sub_cat', '2021-09-02 22:52:45', '2021-09-02 22:52:45'),
(504, 2, 'RBB', 'sub_cat', '2021-09-02 22:52:45', '2021-09-02 22:52:45'),
(505, 2, 'CZA', 'sub_cat', '2021-09-02 22:52:45', '2021-09-02 22:52:45'),
(506, 2, 'CZQ', 'sub_cat', '2021-09-02 22:52:45', '2021-09-02 22:52:45'),
(507, 2, 'CZB', 'sub_cat', '2021-09-02 22:52:45', '2021-09-02 22:52:45'),
(508, 2, 'CZT', 'sub_cat', '2021-09-02 22:52:45', '2021-09-02 22:52:45'),
(509, 2, 'CZK', 'sub_cat', '2021-09-02 22:52:45', '2021-09-02 22:52:45'),
(510, 2, 'CZR', 'sub_cat', '2021-09-02 22:52:45', '2021-09-02 22:52:45'),
(511, 2, 'CZW', 'sub_cat', '2021-09-02 22:52:45', '2021-09-02 22:52:45'),
(512, 2, 'CZY', 'sub_cat', '2021-09-02 22:52:45', '2021-09-02 22:52:45'),
(513, 2, 'COR', 'sub_cat', '2021-09-02 22:52:45', '2021-09-02 22:52:45'),
(514, 2, 'CAT', 'sub_cat', '2021-09-02 22:52:45', '2021-09-02 22:52:45'),
(515, 2, 'CHO', 'sub_cat', '2021-09-02 22:52:45', '2021-09-02 22:52:45'),
(516, 2, 'CND', 'sub_cat', '2021-09-02 22:52:45', '2021-09-02 22:52:45'),
(517, 2, 'CHE', 'sub_cat', '2021-09-02 22:52:45', '2021-09-02 22:52:45'),
(518, 2, 'CCD', 'sub_cat', '2021-09-02 22:52:45', '2021-09-02 22:52:45'),
(519, 2, 'CCP', 'sub_cat', '2021-09-02 22:52:45', '2021-09-02 22:52:45'),
(520, 2, 'CDS', 'sub_cat', '2021-09-02 22:52:45', '2021-09-02 22:52:45'),
(521, 2, 'TCS', 'sub_cat', '2021-09-02 22:52:45', '2021-09-02 22:52:45'),
(522, 2, 'CRC', 'sub_cat', '2021-09-02 22:52:45', '2021-09-02 22:52:45'),
(523, 2, 'CIT', 'sub_cat', '2021-09-02 22:52:45', '2021-09-02 22:52:45'),
(524, 2, 'QCO', 'sub_cat', '2021-09-02 22:52:45', '2021-09-02 22:52:45'),
(525, 2, 'KCB', 'sub_cat', '2021-09-02 22:52:45', '2021-09-02 22:52:45'),
(526, 2, 'KCG', 'sub_cat', '2021-09-02 22:52:45', '2021-09-02 22:52:45'),
(527, 2, 'KCP', 'sub_cat', '2021-09-02 22:52:45', '2021-09-02 22:52:45'),
(528, 2, 'QCR', 'sub_cat', '2021-09-02 22:52:45', '2021-09-02 22:52:45'),
(529, 2, 'SPC', 'sub_cat', '2021-09-02 22:52:45', '2021-09-02 22:52:45'),
(530, 2, 'CZU', 'sub_cat', '2021-09-02 22:52:45', '2021-09-02 22:52:45'),
(531, 2, 'CZI', 'sub_cat', '2021-09-02 22:52:45', '2021-09-02 22:52:45'),
(532, 2, 'JPD', 'sub_cat', '2021-09-02 22:52:45', '2021-09-02 22:52:45'),
(533, 2, 'AGD', 'sub_cat', '2021-09-02 22:52:45', '2021-09-02 22:52:45'),
(534, 2, 'DIM', 'sub_cat', '2021-09-02 22:52:45', '2021-09-02 22:52:45'),
(535, 2, 'DZO', 'sub_cat', '2021-09-02 22:52:45', '2021-09-02 22:52:45'),
(536, 2, 'DZS', 'sub_cat', '2021-09-02 22:52:45', '2021-09-02 22:52:45'),
(537, 2, 'DRT', 'sub_cat', '2021-09-02 22:52:45', '2021-09-02 22:52:45'),
(538, 2, 'DRZ', 'sub_cat', '2021-09-02 22:52:45', '2021-09-02 22:52:45'),
(539, 2, 'TQE', 'sub_cat', '2021-09-02 22:52:45', '2021-09-02 22:52:45'),
(540, 2, 'EMR', 'sub_cat', '2021-09-02 22:52:45', '2021-09-02 22:52:45'),
(541, 2, 'EMC', 'sub_cat', '2021-09-02 22:52:45', '2021-09-02 22:52:45'),
(542, 2, 'TEQ', 'sub_cat', '2021-09-02 22:52:45', '2021-09-02 22:52:45'),
(543, 2, 'OEO', 'sub_cat', '2021-09-02 22:52:45', '2021-09-02 22:52:45'),
(544, 2, 'OPE', 'sub_cat', '2021-09-02 22:52:45', '2021-09-02 22:52:45'),
(545, 2, 'OFB', 'sub_cat', '2021-09-02 22:52:45', '2021-09-02 22:52:45'),
(546, 2, 'FLI', 'sub_cat', '2021-09-02 22:52:45', '2021-09-02 22:52:45'),
(547, 2, 'FLR', 'sub_cat', '2021-09-02 22:52:45', '2021-09-02 22:52:45'),
(548, 2, 'FCL', 'sub_cat', '2021-09-02 22:52:45', '2021-09-02 22:52:45'),
(549, 2, 'AFO', 'sub_cat', '2021-09-02 22:52:45', '2021-09-02 22:52:45'),
(550, 2, 'GAR', 'sub_cat', '2021-09-02 22:52:45', '2021-09-02 22:52:45'),
(551, 2, 'GCC', 'sub_cat', '2021-09-02 22:52:45', '2021-09-02 22:52:45'),
(552, 2, 'GLS', 'sub_cat', '2021-09-02 22:52:45', '2021-09-02 22:52:45'),
(553, 2, 'GHE', 'sub_cat', '2021-09-02 22:52:45', '2021-09-02 22:52:45'),
(554, 2, 'DRG', 'sub_cat', '2021-09-02 22:52:45', '2021-09-02 22:52:45'),
(555, 2, 'GSM', 'sub_cat', '2021-09-02 22:52:45', '2021-09-02 22:52:45'),
(556, 2, 'GSB', 'sub_cat', '2021-09-02 22:52:45', '2021-09-02 22:52:45'),
(557, 2, 'AGR', 'sub_cat', '2021-09-02 22:52:45', '2021-09-02 22:52:45'),
(558, 2, 'APG', 'sub_cat', '2021-09-02 22:52:45', '2021-09-02 22:52:45'),
(559, 2, 'CZG', 'sub_cat', '2021-09-02 22:52:45', '2021-09-02 22:52:45'),
(560, 2, 'DZG', 'sub_cat', '2021-09-02 22:52:45', '2021-09-02 22:52:45'),
(561, 2, 'JGR', 'sub_cat', '2021-09-02 22:52:45', '2021-09-02 22:52:45'),
(562, 2, 'OXG', 'sub_cat', '2021-09-02 22:52:45', '2021-09-02 22:52:45'),
(563, 2, 'SPG', 'sub_cat', '2021-09-02 22:52:45', '2021-09-02 22:52:45'),
(564, 2, 'GMC', 'sub_cat', '2021-09-02 22:52:45', '2021-09-02 22:52:45'),
(565, 2, 'HEA', 'sub_cat', '2021-09-02 22:52:45', '2021-09-02 22:52:45'),
(566, 2, 'HEG', 'sub_cat', '2021-09-02 22:52:45', '2021-09-02 22:52:45'),
(567, 2, 'HWL', 'sub_cat', '2021-09-02 22:52:45', '2021-09-02 22:52:45'),
(568, 2, 'SPI', 'sub_cat', '2021-09-02 22:52:45', '2021-09-02 22:52:45'),
(569, 2, 'TIO', 'sub_cat', '2021-09-02 22:52:45', '2021-09-02 22:52:45'),
(570, 2, 'IOL', 'sub_cat', '2021-09-02 22:52:45', '2021-09-02 22:52:45'),
(571, 2, 'JPR', 'sub_cat', '2021-09-02 22:52:45', '2021-09-02 22:52:45'),
(572, 2, 'RBJ', 'sub_cat', '2021-09-02 22:52:45', '2021-09-02 22:52:45'),
(573, 2, 'KYN', 'sub_cat', '2021-09-02 22:52:45', '2021-09-02 22:52:45'),
(574, 2, 'KYB', 'sub_cat', '2021-09-02 22:52:45', '2021-09-02 22:52:45'),
(575, 2, 'LAB', 'sub_cat', '2021-09-02 22:52:45', '2021-09-02 22:52:45'),
(576, 2, 'LAP', 'sub_cat', '2021-09-02 22:52:45', '2021-09-02 22:52:45'),
(577, 2, 'LAR', 'sub_cat', '2021-09-02 22:52:45', '2021-09-02 22:52:45'),
(578, 2, 'LAQ', 'sub_cat', '2021-09-02 22:52:45', '2021-09-02 22:52:45'),
(579, 2, 'QLR', 'sub_cat', '2021-09-02 22:52:45', '2021-09-02 22:52:45'),
(580, 2, 'QLC', 'sub_cat', '2021-09-02 22:52:45', '2021-09-02 22:52:45'),
(581, 2, 'JLP', 'sub_cat', '2021-09-02 22:52:45', '2021-09-02 22:52:45'),
(582, 2, 'OXL', 'sub_cat', '2021-09-02 22:52:45', '2021-09-02 22:52:45'),
(583, 2, 'TLB', 'sub_cat', '2021-09-02 22:52:45', '2021-09-02 22:52:45'),
(584, 2, 'MCI', 'sub_cat', '2021-09-02 22:52:45', '2021-09-02 22:52:45'),
(585, 2, 'MAS', 'sub_cat', '2021-09-02 22:52:45', '2021-09-02 22:52:45'),
(586, 2, 'TQM', 'sub_cat', '2021-09-02 22:52:45', '2021-09-02 22:52:45'),
(587, 2, 'MAL', 'sub_cat', '2021-09-02 22:52:45', '2021-09-02 22:52:45'),
(588, 2, 'CHM', 'sub_cat', '2021-09-02 22:52:45', '2021-09-02 22:52:45'),
(589, 2, 'MAY', 'sub_cat', '2021-09-02 22:52:45', '2021-09-02 22:52:45'),
(590, 2, 'MMT', 'sub_cat', '2021-09-02 22:52:45', '2021-09-02 22:52:45'),
(591, 2, 'MFS', 'sub_cat', '2021-09-02 22:52:45', '2021-09-02 22:52:45'),
(592, 2, 'TNM', 'sub_cat', '2021-09-02 22:52:45', '2021-09-02 22:52:45'),
(593, 2, 'CCM', 'sub_cat', '2021-09-02 22:52:45', '2021-09-02 22:52:45'),
(594, 2, 'MIR', 'sub_cat', '2021-09-02 22:52:45', '2021-09-02 22:52:45'),
(595, 2, 'MIT', 'sub_cat', '2021-09-02 22:52:45', '2021-09-02 22:52:45'),
(596, 2, 'MAM', 'sub_cat', '2021-09-02 22:52:45', '2021-09-02 22:52:45'),
(597, 2, 'TMQ', 'sub_cat', '2021-09-02 22:52:45', '2021-09-02 22:52:45'),
(598, 2, 'MPL', 'sub_cat', '2021-09-02 22:52:45', '2021-09-02 22:52:45'),
(599, 2, 'MTQ', 'sub_cat', '2021-09-02 22:52:45', '2021-09-02 22:52:45'),
(600, 2, 'MSQ', 'sub_cat', '2021-09-02 22:52:45', '2021-09-02 22:52:45'),
(601, 2, 'KCM', 'sub_cat', '2021-09-02 22:52:45', '2021-09-02 22:52:45'),
(602, 2, 'MSM', 'sub_cat', '2021-09-02 22:52:45', '2021-09-02 22:52:45'),
(603, 2, 'TRM', 'sub_cat', '2021-09-02 22:52:45', '2021-09-02 22:52:45'),
(604, 2, 'NCO', 'sub_cat', '2021-09-02 22:52:45', '2021-09-02 22:52:45'),
(605, 2, 'CZL', 'sub_cat', '2021-09-02 22:52:45', '2021-09-02 22:52:45'),
(606, 2, 'NAV', 'sub_cat', '2021-09-02 22:52:45', '2021-09-02 22:52:45'),
(607, 2, 'OBB', 'sub_cat', '2021-09-02 22:52:45', '2021-09-02 22:52:45'),
(608, 2, 'QLO', 'sub_cat', '2021-09-02 22:52:45', '2021-09-02 22:52:45'),
(609, 2, 'OXR', 'sub_cat', '2021-09-02 22:52:45', '2021-09-02 22:52:45'),
(610, 2, 'OPP', 'sub_cat', '2021-09-02 22:52:45', '2021-09-02 22:52:45'),
(611, 2, 'QCQ', 'sub_cat', '2021-09-02 22:52:45', '2021-09-02 22:52:45'),
(612, 2, 'KYO', 'sub_cat', '2021-09-02 22:52:45', '2021-09-02 22:52:45'),
(613, 2, 'OOC', 'sub_cat', '2021-09-02 22:52:45', '2021-09-02 22:52:45'),
(614, 2, 'SPO', 'sub_cat', '2021-09-02 22:52:45', '2021-09-02 22:52:45'),
(615, 2, 'TOQ', 'sub_cat', '2021-09-02 22:52:45', '2021-09-02 22:52:45'),
(616, 2, 'QPP', 'sub_cat', '2021-09-02 22:52:45', '2021-09-02 22:52:45'),
(617, 2, 'MSP', 'sub_cat', '2021-09-02 22:52:45', '2021-09-02 22:52:45'),
(618, 2, 'PER', 'sub_cat', '2021-09-02 22:52:45', '2021-09-02 22:52:45'),
(619, 2, 'AMP', 'sub_cat', '2021-09-02 22:52:45', '2021-09-02 22:52:45'),
(620, 2, 'PBQ', 'sub_cat', '2021-09-02 22:52:45', '2021-09-02 22:52:45'),
(621, 2, 'PHO', 'sub_cat', '2021-09-02 22:52:45', '2021-09-02 22:52:45'),
(622, 2, 'AGP', 'sub_cat', '2021-09-02 22:52:45', '2021-09-02 22:52:45'),
(623, 2, 'PTS', 'sub_cat', '2021-09-02 22:52:45', '2021-09-02 22:52:45'),
(624, 2, 'PAM', 'sub_cat', '2021-09-02 22:52:45', '2021-09-02 22:52:45'),
(625, 2, 'POC', 'sub_cat', '2021-09-02 22:52:45', '2021-09-02 22:52:45'),
(626, 2, 'CHP', 'sub_cat', '2021-09-02 22:52:45', '2021-09-02 22:52:45'),
(627, 2, 'PLA', 'sub_cat', '2021-09-02 22:52:45', '2021-09-02 22:52:45'),
(628, 2, 'POM', 'sub_cat', '2021-09-02 22:52:45', '2021-09-02 22:52:45'),
(629, 2, 'MOP', 'sub_cat', '2021-09-02 22:52:45', '2021-09-02 22:52:45'),
(630, 2, 'POT', 'sub_cat', '2021-09-02 22:52:45', '2021-09-02 22:52:45'),
(631, 2, 'PPL', 'sub_cat', '2021-09-02 22:52:45', '2021-09-02 22:52:45'),
(632, 2, 'QPI', 'sub_cat', '2021-09-02 22:52:45', '2021-09-02 22:52:45'),
(633, 2, 'TRP', 'sub_cat', '2021-09-02 22:52:45', '2021-09-02 22:52:45'),
(634, 2, 'PRQ', 'sub_cat', '2021-09-02 22:52:45', '2021-09-02 22:52:45'),
(635, 2, 'PRA', 'sub_cat', '2021-09-02 22:52:45', '2021-09-02 22:52:45'),
(636, 2, 'PNC', 'sub_cat', '2021-09-02 22:52:45', '2021-09-02 22:52:45'),
(637, 2, 'PRN', 'sub_cat', '2021-09-02 22:52:45', '2021-09-02 22:52:45'),
(638, 2, 'QCP', 'sub_cat', '2021-09-02 22:52:45', '2021-09-02 22:52:45'),
(639, 2, 'TCP', 'sub_cat', '2021-09-02 22:52:45', '2021-09-02 22:52:45');
INSERT INTO `product_category` (`id`, `product_id`, `name`, `type`, `created_at`, `updated_at`) VALUES
(640, 2, 'PCZ', 'sub_cat', '2021-09-02 22:52:45', '2021-09-02 22:52:45'),
(641, 2, 'DZP', 'sub_cat', '2021-09-02 22:52:45', '2021-09-02 22:52:45'),
(642, 2, 'PYR', 'sub_cat', '2021-09-02 22:52:45', '2021-09-02 22:52:45'),
(643, 2, 'QAB', 'sub_cat', '2021-09-02 22:52:45', '2021-09-02 22:52:45'),
(644, 2, 'QBE', 'sub_cat', '2021-09-02 22:52:45', '2021-09-02 22:52:45'),
(645, 2, 'QCH', 'sub_cat', '2021-09-02 22:52:45', '2021-09-02 22:52:45'),
(646, 2, 'QFG', 'sub_cat', '2021-09-02 22:52:45', '2021-09-02 22:52:45'),
(647, 2, 'QRG', 'sub_cat', '2021-09-02 22:52:45', '2021-09-02 22:52:45'),
(648, 2, 'QGR', 'sub_cat', '2021-09-02 22:52:45', '2021-09-02 22:52:45'),
(649, 2, 'QGG', 'sub_cat', '2021-09-02 22:52:45', '2021-09-02 22:52:45'),
(650, 2, 'QLM', 'sub_cat', '2021-09-02 22:52:45', '2021-09-02 22:52:45'),
(651, 2, 'QRO', 'sub_cat', '2021-09-02 22:52:45', '2021-09-02 22:52:45'),
(652, 2, 'QRB', 'sub_cat', '2021-09-02 22:52:45', '2021-09-02 22:52:45'),
(653, 2, 'QSM', 'sub_cat', '2021-09-02 22:52:45', '2021-09-02 22:52:45'),
(654, 2, 'QSR', 'sub_cat', '2021-09-02 22:52:45', '2021-09-02 22:52:45'),
(655, 2, 'RMC', 'sub_cat', '2021-09-02 22:52:45', '2021-09-02 22:52:45'),
(656, 2, 'RMS', 'sub_cat', '2021-09-02 22:52:45', '2021-09-02 22:52:45'),
(657, 2, 'NZR', 'sub_cat', '2021-09-02 22:52:45', '2021-09-02 22:52:45'),
(658, 2, 'RCH', 'sub_cat', '2021-09-02 22:52:45', '2021-09-02 22:52:45'),
(659, 2, 'RCO', 'sub_cat', '2021-09-02 22:52:45', '2021-09-02 22:52:45'),
(660, 2, 'JRG', 'sub_cat', '2021-09-02 22:52:45', '2021-09-02 22:52:45'),
(661, 2, 'QRE', 'sub_cat', '2021-09-02 22:52:45', '2021-09-02 22:52:45'),
(662, 2, 'RHC', 'sub_cat', '2021-09-02 22:52:45', '2021-09-02 22:52:45'),
(663, 2, 'RHO', 'sub_cat', '2021-09-02 22:52:45', '2021-09-02 22:52:45'),
(664, 2, 'RHN', 'sub_cat', '2021-09-02 22:52:45', '2021-09-02 22:52:45'),
(665, 2, 'RBC', 'sub_cat', '2021-09-02 22:52:45', '2021-09-02 22:52:45'),
(666, 2, 'RBY', 'sub_cat', '2021-09-02 22:52:45', '2021-09-02 22:52:45'),
(667, 2, 'RBG', 'sub_cat', '2021-09-02 22:52:45', '2021-09-02 22:52:45'),
(668, 2, 'RBQ', 'sub_cat', '2021-09-02 22:52:45', '2021-09-02 22:52:45'),
(669, 2, 'RUD', 'sub_cat', '2021-09-02 22:52:45', '2021-09-02 22:52:45'),
(670, 2, 'SPM', 'sub_cat', '2021-09-02 22:52:45', '2021-09-02 22:52:45'),
(671, 2, 'SPP', 'sub_cat', '2021-09-02 22:52:45', '2021-09-02 22:52:45'),
(672, 2, 'SPW', 'sub_cat', '2021-09-02 22:52:45', '2021-09-02 22:52:45'),
(673, 2, 'SPY', 'sub_cat', '2021-09-02 22:52:45', '2021-09-02 22:52:45'),
(674, 2, 'SEM', 'sub_cat', '2021-09-02 22:52:45', '2021-09-02 22:52:45'),
(675, 2, 'SPT', 'sub_cat', '2021-09-02 22:52:45', '2021-09-02 22:52:45'),
(676, 2, 'STT', 'sub_cat', '2021-09-02 22:52:45', '2021-09-02 22:52:45'),
(677, 2, 'SHI', 'sub_cat', '2021-09-02 22:52:45', '2021-09-02 22:52:45'),
(678, 2, 'SCP', 'sub_cat', '2021-09-02 22:52:45', '2021-09-02 22:52:45'),
(679, 2, 'TSK', 'sub_cat', '2021-09-02 22:52:45', '2021-09-02 22:52:45'),
(680, 2, 'TQS', 'sub_cat', '2021-09-02 22:52:45', '2021-09-02 22:52:45'),
(681, 2, 'SOD', 'sub_cat', '2021-09-02 22:52:45', '2021-09-02 22:52:45'),
(682, 2, 'TSQ', 'sub_cat', '2021-09-02 22:52:45', '2021-09-02 22:52:45'),
(683, 2, 'TSB', 'sub_cat', '2021-09-02 22:52:45', '2021-09-02 22:52:45'),
(684, 2, 'OPS', 'sub_cat', '2021-09-02 22:52:45', '2021-09-02 22:52:45'),
(685, 2, 'TNZ', 'sub_cat', '2021-09-02 22:52:45', '2021-09-02 22:52:45'),
(686, 2, 'THL', 'sub_cat', '2021-09-02 22:52:45', '2021-09-02 22:52:45'),
(687, 2, 'TGE', 'sub_cat', '2021-09-02 22:52:45', '2021-09-02 22:52:45'),
(688, 2, 'TLI', 'sub_cat', '2021-09-02 22:52:45', '2021-09-02 22:52:45'),
(689, 2, 'TPP', 'sub_cat', '2021-09-02 22:52:45', '2021-09-02 22:52:45'),
(690, 2, 'TTB', 'sub_cat', '2021-09-02 22:52:45', '2021-09-02 22:52:45'),
(691, 2, 'TWH', 'sub_cat', '2021-09-02 22:52:45', '2021-09-02 22:52:45'),
(692, 2, 'TRG', 'sub_cat', '2021-09-02 22:52:45', '2021-09-02 22:52:45'),
(693, 2, 'TSA', 'sub_cat', '2021-09-02 22:52:45', '2021-09-02 22:52:45'),
(694, 2, 'TLM', 'sub_cat', '2021-09-02 22:52:45', '2021-09-02 22:52:45'),
(695, 2, 'TQC', 'sub_cat', '2021-09-02 22:52:45', '2021-09-02 22:52:45'),
(696, 2, 'TCQ', 'sub_cat', '2021-09-02 22:52:45', '2021-09-02 22:52:45'),
(697, 2, 'TQB', 'sub_cat', '2021-09-02 22:52:45', '2021-09-02 22:52:45'),
(698, 2, 'TQG', 'sub_cat', '2021-09-02 22:52:45', '2021-09-02 22:52:45'),
(699, 2, 'TTL', 'sub_cat', '2021-09-02 22:52:45', '2021-09-02 22:52:45'),
(700, 2, 'WMT', 'sub_cat', '2021-09-02 22:52:45', '2021-09-02 22:52:45'),
(701, 2, 'AGW', 'sub_cat', '2021-09-02 22:52:45', '2021-09-02 22:52:45'),
(702, 2, 'COC', 'sub_cat', '2021-09-02 22:52:45', '2021-09-02 22:52:45'),
(703, 2, 'WCC', 'sub_cat', '2021-09-02 22:52:45', '2021-09-02 22:52:45'),
(704, 2, 'CHW', 'sub_cat', '2021-09-02 22:52:45', '2021-09-02 22:52:45'),
(705, 2, 'DZW', 'sub_cat', '2021-09-02 22:52:45', '2021-09-02 22:52:45'),
(706, 2, 'WMS', 'sub_cat', '2021-09-02 22:52:45', '2021-09-02 22:52:45'),
(707, 2, 'WOC', 'sub_cat', '2021-09-02 22:52:45', '2021-09-02 22:52:45'),
(708, 2, 'PRL', 'sub_cat', '2021-09-02 22:52:45', '2021-09-02 22:52:45'),
(709, 2, 'YAQ', 'sub_cat', '2021-09-02 22:52:45', '2021-09-02 22:52:45'),
(710, 2, 'YCO', 'sub_cat', '2021-09-02 22:52:45', '2021-09-02 22:52:45'),
(711, 2, 'YCP', 'sub_cat', '2021-09-02 22:52:45', '2021-09-02 22:52:45'),
(712, 2, 'QYL', 'sub_cat', '2021-09-02 22:52:45', '2021-09-02 22:52:45'),
(713, 2, 'ZME', 'sub_cat', '2021-09-02 22:52:45', '2021-09-02 22:52:45'),
(714, 2, 'CZD', 'sub_cat', '2021-09-02 22:52:45', '2021-09-02 22:52:45'),
(715, 2, 'MAR', 'sub_cat', '2021-09-02 22:52:45', '2021-09-02 22:52:45'),
(716, 2, 'MMS', 'sub_cat', '2021-09-02 22:52:45', '2021-09-02 22:52:45'),
(717, 2, 'OXS', 'sub_cat', '2021-09-02 22:52:45', '2021-09-02 22:52:45'),
(718, 2, 'PAG', 'sub_cat', '2021-09-02 22:52:45', '2021-09-02 22:52:45'),
(719, 2, 'QMC', 'sub_cat', '2021-09-02 22:52:45', '2021-09-02 22:52:45'),
(720, 2, 'QTQ', 'sub_cat', '2021-09-02 22:52:45', '2021-09-02 22:52:45'),
(721, 2, 'QXB', 'sub_cat', '2021-09-02 22:52:45', '2021-09-02 22:52:45'),
(722, 2, 'SHE', 'sub_cat', '2021-09-02 22:52:45', '2021-09-02 22:52:45'),
(723, 2, 'STN', 'sub_cat', '2021-09-02 22:52:45', '2021-09-02 22:52:45'),
(724, 2, 'SUN', 'sub_cat', '2021-09-02 22:52:45', '2021-09-02 22:52:45'),
(729, 3, 'Pear', 'shape', '2021-09-02 23:30:19', '2021-09-02 23:30:19'),
(730, 3, 'OV', 'shape', '2021-09-02 23:30:19', '2021-09-02 23:30:19'),
(731, 3, 'RD', 'shape', '2021-09-02 23:30:19', '2021-09-02 23:30:19'),
(732, 3, 'SQ', 'shape', '2021-09-02 23:30:19', '2021-09-02 23:30:19'),
(733, 3, 'CY', 'shape', '2021-09-02 23:30:19', '2021-09-02 23:30:19'),
(734, 3, 'TR', 'shape', '2021-09-02 23:30:19', '2021-09-02 23:30:19'),
(735, 3, 'HX', 'shape', '2021-09-02 23:30:19', '2021-09-02 23:30:19'),
(736, 3, 'DR', 'shape', '2021-09-02 23:30:19', '2021-09-02 23:30:19'),
(737, 3, 'BL', 'shape', '2021-09-02 23:30:19', '2021-09-02 23:30:19'),
(738, 3, 'CU', 'shape', '2021-09-02 23:30:19', '2021-09-02 23:30:19'),
(739, 3, 'OT', 'shape', '2021-09-02 23:30:19', '2021-09-02 23:30:19'),
(740, 3, 'BG', 'shape', '2021-09-02 23:30:19', '2021-09-02 23:30:19'),
(741, 3, 'PR', 'shape', '2021-09-02 23:30:19', '2021-09-02 23:30:19'),
(742, 3, 'HR', 'shape', '2021-09-02 23:30:19', '2021-09-02 23:30:19'),
(743, 3, 'MQ', 'shape', '2021-09-02 23:30:19', '2021-09-02 23:30:19'),
(744, 3, 'Square', 'shape', '2021-09-02 23:30:19', '2021-09-02 23:30:19'),
(745, 3, 'Fancy (Rhombus)', 'shape', '2021-09-02 23:30:19', '2021-09-02 23:30:19'),
(746, 3, 'Baguette Slice', 'shape', '2021-09-02 23:30:19', '2021-09-02 23:30:19'),
(747, 3, 'BD', 'shape', '2021-09-02 23:30:19', '2021-09-02 23:30:19'),
(748, 3, 'Cushion', 'shape', '2021-09-02 23:30:19', '2021-09-02 23:30:19'),
(749, 3, 'Heart', 'shape', '2021-09-02 23:30:19', '2021-09-02 23:30:19'),
(750, 3, 'Marquise', 'shape', '2021-09-02 23:30:19', '2021-09-02 23:30:19'),
(751, 3, 'Octagon', 'shape', '2021-09-02 23:30:19', '2021-09-02 23:30:19'),
(752, 3, 'Oval', 'shape', '2021-09-02 23:30:19', '2021-09-02 23:30:19'),
(753, 3, 'Round', 'shape', '2021-09-02 23:30:19', '2021-09-02 23:30:19'),
(754, 3, 'Trillian', 'shape', '2021-09-02 23:30:19', '2021-09-02 23:30:19'),
(755, 3, 'Triangle', 'shape', '2021-09-02 23:30:19', '2021-09-02 23:30:19'),
(756, 3, 'PG', 'shape', '2021-09-02 23:30:19', '2021-09-02 23:30:19'),
(757, 3, 'NG', 'shape', '2021-09-02 23:30:19', '2021-09-02 23:30:19'),
(758, 3, 'PR ', 'shape', '2021-09-02 23:30:19', '2021-09-02 23:30:19'),
(759, 3, 'Bagutte', 'shape', '2021-09-02 23:30:19', '2021-09-02 23:30:19'),
(760, 3, 'Octagon ', 'shape', '2021-09-02 23:30:19', '2021-09-02 23:30:19'),
(761, 3, 'Fancy', 'shape', '2021-09-02 23:30:19', '2021-09-02 23:30:19'),
(762, 3, 'Drop', 'shape', '2021-09-02 23:30:19', '2021-09-02 23:30:19'),
(763, 3, 'EG', 'shape', '2021-09-02 23:30:19', '2021-09-02 23:30:19'),
(764, 3, 'OCT', 'shape', '2021-09-02 23:30:19', '2021-09-02 23:30:19'),
(765, 3, 'TB', 'shape', '2021-09-02 23:30:19', '2021-09-02 23:30:19'),
(766, 3, 'TRI', 'shape', '2021-09-02 23:30:19', '2021-09-02 23:30:19'),
(767, 3, 'CUS', 'shape', '2021-09-02 23:30:19', '2021-09-02 23:30:19'),
(768, 3, 'Round Fac ', 'shape', '2021-09-02 23:30:19', '2021-09-02 23:30:19'),
(769, 3, 'Hexagon', 'shape', '2021-09-02 23:30:19', '2021-09-02 23:30:19'),
(770, 3, 'Fancy ', 'shape', '2021-09-02 23:30:19', '2021-09-02 23:30:19'),
(771, 3, 'Cab RD', 'shape', '2021-09-02 23:30:19', '2021-09-02 23:30:19'),
(772, 3, 'Cuahion', 'shape', '2021-09-02 23:30:19', '2021-09-02 23:30:19'),
(773, 3, 'Cus(Table cut)', 'shape', '2021-09-02 23:30:19', '2021-09-02 23:30:19'),
(774, 3, 'HEXA', 'shape', '2021-09-02 23:30:19', '2021-09-02 23:30:19'),
(775, 3, 'PENCIL', 'shape', '2021-09-02 23:30:19', '2021-09-02 23:30:19'),
(776, 3, 'PR DROP', 'shape', '2021-09-02 23:30:19', '2021-09-02 23:30:19'),
(777, 3, 'OCT ', 'shape', '2021-09-02 23:30:19', '2021-09-02 23:30:19'),
(778, 3, 'OV ', 'shape', '2021-09-02 23:30:19', '2021-09-02 23:30:19'),
(779, 3, 'RD ', 'shape', '2021-09-02 23:30:19', '2021-09-02 23:30:19'),
(780, 3, 'DS', 'shape', '2021-09-02 23:30:19', '2021-09-02 23:30:19'),
(781, 3, 'Ball', 'shape', '2021-09-02 23:30:19', '2021-09-02 23:30:19'),
(782, 3, 'Cab ', 'shape', '2021-09-02 23:30:19', '2021-09-02 23:30:19'),
(783, 3, 'Oct', 'shape', '2021-09-02 23:30:19', '2021-09-02 23:30:19'),
(784, 3, 'MQ ', 'shape', '2021-09-02 23:30:19', '2021-09-02 23:30:19'),
(785, 3, 'SQuare', 'shape', '2021-09-02 23:30:19', '2021-09-02 23:30:19'),
(786, 3, 'RC', 'shape', '2021-09-02 23:30:19', '2021-09-02 23:30:19'),
(787, 3, '20', 'shape', '2021-09-02 23:30:19', '2021-09-02 23:30:19'),
(788, 3, '18', 'shape', '2021-09-02 23:30:19', '2021-09-02 23:30:19'),
(789, 3, '16', 'shape', '2021-09-02 23:30:19', '2021-09-02 23:30:19'),
(790, 3, 'BEAD', 'shape', '2021-09-02 23:30:19', '2021-09-02 23:30:19'),
(791, 3, 'HEART', 'shape', '2021-09-02 23:30:19', '2021-09-02 23:30:19'),
(792, 3, 'OVAL SLICE', 'shape', '2021-09-02 23:30:19', '2021-09-02 23:30:19'),
(793, 3, 'TP BG', 'shape', '2021-09-02 23:30:19', '2021-09-02 23:30:19'),
(794, 3, 'Flat', 'shape', '2021-09-02 23:30:19', '2021-09-02 23:30:19'),
(795, 3, 'DROP', 'shape', '2021-09-02 23:30:19', '2021-09-02 23:30:19'),
(796, 3, 'Assher', 'shape', '2021-09-02 23:30:19', '2021-09-02 23:30:19'),
(797, 3, 'Princess', 'shape', '2021-09-02 23:30:19', '2021-09-02 23:30:19'),
(798, 3, 'Fancy-HX ', 'shape', '2021-09-02 23:30:19', '2021-09-02 23:30:19'),
(799, 3, 'FANCY-D CUT', 'shape', '2021-09-02 23:30:19', '2021-09-02 23:30:19'),
(800, 3, 'FANCY', 'shape', '2021-09-02 23:30:19', '2021-09-02 23:30:19'),
(801, 4, '8X12', 'size', '2021-09-02 23:34:50', '2021-09-02 23:34:50'),
(802, 4, '1210', 'size', '2021-09-02 23:34:50', '2021-09-02 23:34:50'),
(803, 4, '1612', 'size', '2021-09-02 23:34:50', '2021-09-02 23:34:50'),
(804, 4, '1813', 'size', '2021-09-02 23:34:50', '2021-09-02 23:34:50'),
(805, 4, '1010', 'size', '2021-09-02 23:34:50', '2021-09-02 23:34:50'),
(806, 4, '1414', 'size', '2021-09-02 23:34:50', '2021-09-02 23:34:50'),
(807, 4, '1515', 'size', '2021-09-02 23:34:50', '2021-09-02 23:34:50'),
(808, 4, '1717', 'size', '2021-09-02 23:34:50', '2021-09-02 23:34:50'),
(809, 4, '1615', 'size', '2021-09-02 23:34:50', '2021-09-02 23:34:50'),
(810, 4, '2020', 'size', '2021-09-02 23:34:50', '2021-09-02 23:34:50'),
(811, 4, '3030', 'size', '2021-09-02 23:34:50', '2021-09-02 23:34:50'),
(812, 4, '303', 'size', '2021-09-02 23:34:50', '2021-09-02 23:34:50'),
(813, 4, '3006', 'size', '2021-09-02 23:34:50', '2021-09-02 23:34:50'),
(814, 4, '5H05', 'size', '2021-09-02 23:34:50', '2021-09-02 23:34:50'),
(815, 4, '604', 'size', '2021-09-02 23:34:50', '2021-09-02 23:34:50'),
(816, 4, '706', 'size', '2021-09-02 23:34:50', '2021-09-02 23:34:50'),
(817, 4, '909', 'size', '2021-09-02 23:34:50', '2021-09-02 23:34:50'),
(818, 4, '6H06', 'size', '2021-09-02 23:34:50', '2021-09-02 23:34:50'),
(819, 4, '1603', 'size', '2021-09-02 23:34:50', '2021-09-02 23:34:50'),
(820, 4, '1714', 'size', '2021-09-02 23:34:50', '2021-09-02 23:34:50'),
(821, 4, '1715', 'size', '2021-09-02 23:34:50', '2021-09-02 23:34:50'),
(822, 4, '3003', 'size', '2021-09-02 23:34:50', '2021-09-02 23:34:50'),
(823, 4, '3304', 'size', '2021-09-02 23:34:50', '2021-09-02 23:34:50'),
(824, 4, '365H', 'size', '2021-09-02 23:34:50', '2021-09-02 23:34:50'),
(825, 4, '403', 'size', '2021-09-02 23:34:50', '2021-09-02 23:34:50'),
(826, 4, '1818', 'size', '2021-09-02 23:34:50', '2021-09-02 23:34:50'),
(827, 4, '2525', 'size', '2021-09-02 23:34:50', '2021-09-02 23:34:50'),
(828, 4, '125H', 'size', '2021-09-02 23:34:50', '2021-09-02 23:34:50'),
(829, 4, '808', 'size', '2021-09-02 23:34:50', '2021-09-02 23:34:50'),
(830, 4, '1313', 'size', '2021-09-02 23:34:50', '2021-09-02 23:34:50'),
(831, 4, '1616', 'size', '2021-09-02 23:34:50', '2021-09-02 23:34:50'),
(832, 4, '1006', 'size', '2021-09-02 23:34:50', '2021-09-02 23:34:50'),
(833, 4, '9H6H', 'size', '2021-09-02 23:34:50', '2021-09-02 23:34:50'),
(834, 4, '1614', 'size', '2021-09-02 23:34:50', '2021-09-02 23:34:50'),
(835, 4, '206H', 'size', '2021-09-02 23:34:50', '2021-09-02 23:34:50'),
(836, 4, '2210', 'size', '2021-09-02 23:34:50', '2021-09-02 23:34:50'),
(837, 4, '1109', 'size', '2021-09-02 23:34:50', '2021-09-02 23:34:50'),
(838, 4, '1411', 'size', '2021-09-02 23:34:50', '2021-09-02 23:34:50'),
(839, 4, '2520', 'size', '2021-09-02 23:34:50', '2021-09-02 23:34:50'),
(840, 4, '3020', 'size', '2021-09-02 23:34:50', '2021-09-02 23:34:50'),
(841, 4, '1512', 'size', '2021-09-02 23:34:50', '2021-09-02 23:34:50'),
(842, 4, '2015', 'size', '2021-09-02 23:34:50', '2021-09-02 23:34:50'),
(843, 4, '1212', 'size', '2021-09-02 23:34:50', '2021-09-02 23:34:50'),
(844, 4, '3125', 'size', '2021-09-02 23:34:50', '2021-09-02 23:34:50'),
(845, 4, '3527', 'size', '2021-09-02 23:34:50', '2021-09-02 23:34:50'),
(846, 4, '1812', 'size', '2021-09-02 23:34:50', '2021-09-02 23:34:50'),
(847, 4, '2008', 'size', '2021-09-02 23:34:50', '2021-09-02 23:34:50'),
(848, 4, '1410', 'size', '2021-09-02 23:34:50', '2021-09-02 23:34:50'),
(849, 4, '2212', 'size', '2021-09-02 23:34:50', '2021-09-02 23:34:50'),
(850, 4, '1111', 'size', '2021-09-02 23:34:50', '2021-09-02 23:34:50'),
(851, 4, '2014', 'size', '2021-09-02 23:34:50', '2021-09-02 23:34:50'),
(852, 4, '3015', 'size', '2021-09-02 23:34:50', '2021-09-02 23:34:50'),
(853, 4, '2412', 'size', '2021-09-02 23:34:50', '2021-09-02 23:34:50'),
(854, 4, '1808', 'size', '2021-09-02 23:34:50', '2021-09-02 23:34:50'),
(855, 4, '2416', 'size', '2021-09-02 23:34:50', '2021-09-02 23:34:50'),
(856, 4, '2214', 'size', '2021-09-02 23:34:50', '2021-09-02 23:34:50'),
(857, 4, '2616', 'size', '2021-09-02 23:34:50', '2021-09-02 23:34:50'),
(858, 4, '3016', 'size', '2021-09-02 23:34:50', '2021-09-02 23:34:50'),
(859, 4, '3525', 'size', '2021-09-02 23:34:50', '2021-09-02 23:34:50'),
(860, 4, '3010', 'size', '2021-09-02 23:34:50', '2021-09-02 23:34:50'),
(861, 4, '2010', 'size', '2021-09-02 23:34:50', '2021-09-02 23:34:50'),
(862, 4, '2620', 'size', '2021-09-02 23:34:50', '2021-09-02 23:34:50'),
(863, 4, '2515', 'size', '2021-09-02 23:34:50', '2021-09-02 23:34:50'),
(864, 4, '1712', 'size', '2021-09-02 23:34:50', '2021-09-02 23:34:50'),
(865, 4, '1008', 'size', '2021-09-02 23:34:50', '2021-09-02 23:34:50'),
(866, 4, '806', 'size', '2021-09-02 23:34:50', '2021-09-02 23:34:50'),
(867, 4, '907', 'size', '2021-09-02 23:34:50', '2021-09-02 23:34:50'),
(868, 4, '1311', 'size', '2021-09-02 23:34:50', '2021-09-02 23:34:50'),
(869, 4, '1412', 'size', '2021-09-02 23:34:50', '2021-09-02 23:34:50'),
(870, 4, '705', 'size', '2021-09-02 23:34:50', '2021-09-02 23:34:50'),
(871, 4, '6', 'size', '2021-09-02 23:34:50', '2021-09-02 23:34:50'),
(872, 4, '2', 'size', '2021-09-02 23:34:50', '2021-09-02 23:34:50'),
(873, 4, '6*3', 'size', '2021-09-02 23:34:50', '2021-09-02 23:34:50'),
(874, 4, '3*2', 'size', '2021-09-02 23:34:50', '2021-09-02 23:34:50'),
(875, 4, '4*3', 'size', '2021-09-02 23:34:50', '2021-09-02 23:34:50'),
(876, 4, '8*4', 'size', '2021-09-02 23:34:50', '2021-09-02 23:34:50'),
(877, 4, '4*2', 'size', '2021-09-02 23:34:50', '2021-09-02 23:34:50'),
(878, 4, '6*2.50', 'size', '2021-09-02 23:34:50', '2021-09-02 23:34:50'),
(879, 4, '6*4', 'size', '2021-09-02 23:34:50', '2021-09-02 23:34:50'),
(880, 4, '3805', 'size', '2021-09-02 23:34:50', '2021-09-02 23:34:50'),
(881, 4, '505', 'size', '2021-09-02 23:34:50', '2021-09-02 23:34:50'),
(882, 4, '2004', 'size', '2021-09-02 23:34:50', '2021-09-02 23:34:50'),
(883, 4, '4H4H', 'size', '2021-09-02 23:34:50', '2021-09-02 23:34:50'),
(884, 4, '087H', 'size', '2021-09-02 23:34:50', '2021-09-02 23:34:50'),
(885, 4, '5H3H', 'size', '2021-09-02 23:34:50', '2021-09-02 23:34:50'),
(886, 4, '1007', 'size', '2021-09-02 23:34:50', '2021-09-02 23:34:50'),
(887, 4, '1511', 'size', '2021-09-02 23:34:50', '2021-09-02 23:34:50'),
(888, 4, '906', 'size', '2021-09-02 23:34:50', '2021-09-02 23:34:50'),
(889, 4, '2418', 'size', '2021-09-02 23:34:50', '2021-09-02 23:34:50'),
(890, 4, '606', 'size', '2021-09-02 23:34:50', '2021-09-02 23:34:50'),
(891, 4, '2509', 'size', '2021-09-02 23:34:50', '2021-09-02 23:34:50'),
(892, 4, '1916', 'size', '2021-09-02 23:34:50', '2021-09-02 23:34:50'),
(893, 4, '3521', 'size', '2021-09-02 23:34:50', '2021-09-02 23:34:50'),
(894, 4, '1713', 'size', '2021-09-02 23:34:50', '2021-09-02 23:34:50'),
(895, 4, '1409', 'size', '2021-09-02 23:34:50', '2021-09-02 23:34:50'),
(896, 4, '9X9', 'size', '2021-09-02 23:34:50', '2021-09-02 23:34:50'),
(897, 4, '10X8', 'size', '2021-09-02 23:34:50', '2021-09-02 23:34:50'),
(898, 4, '10X10', 'size', '2021-09-02 23:34:50', '2021-09-02 23:34:50'),
(899, 4, '11X11', 'size', '2021-09-02 23:34:50', '2021-09-02 23:34:50'),
(900, 4, '12X12', 'size', '2021-09-02 23:34:50', '2021-09-02 23:34:50'),
(901, 4, '13X13', 'size', '2021-09-02 23:34:50', '2021-09-02 23:34:50'),
(902, 4, '14X10', 'size', '2021-09-02 23:34:50', '2021-09-02 23:34:50'),
(903, 4, '14X14', 'size', '2021-09-02 23:34:50', '2021-09-02 23:34:50'),
(904, 4, '16X8', 'size', '2021-09-02 23:34:50', '2021-09-02 23:34:50'),
(905, 4, '18X9', 'size', '2021-09-02 23:34:50', '2021-09-02 23:34:50'),
(906, 4, '12X6', 'size', '2021-09-02 23:34:50', '2021-09-02 23:34:50'),
(907, 4, '14X11', 'size', '2021-09-02 23:34:50', '2021-09-02 23:34:50'),
(908, 4, '11X9', 'size', '2021-09-02 23:34:50', '2021-09-02 23:34:50'),
(909, 4, '12X8', 'size', '2021-09-02 23:34:50', '2021-09-02 23:34:50'),
(910, 4, '12X10', 'size', '2021-09-02 23:34:50', '2021-09-02 23:34:50'),
(911, 4, '9X7', 'size', '2021-09-02 23:34:50', '2021-09-02 23:34:50'),
(912, 4, '13X9', 'size', '2021-09-02 23:34:50', '2021-09-02 23:34:50'),
(913, 4, '13X11', 'size', '2021-09-02 23:34:50', '2021-09-02 23:34:50'),
(914, 4, '15X11', 'size', '2021-09-02 23:34:50', '2021-09-02 23:34:50'),
(915, 4, '16X12', 'size', '2021-09-02 23:34:50', '2021-09-02 23:34:50'),
(916, 4, '18X13', 'size', '2021-09-02 23:34:50', '2021-09-02 23:34:50'),
(917, 4, '21X16', 'size', '2021-09-02 23:34:50', '2021-09-02 23:34:50'),
(918, 4, '20X15', 'size', '2021-09-02 23:34:50', '2021-09-02 23:34:50'),
(919, 4, '7X7', 'size', '2021-09-02 23:34:50', '2021-09-02 23:34:50'),
(920, 4, '8X8', 'size', '2021-09-02 23:34:50', '2021-09-02 23:34:50'),
(921, 4, '3X3', 'size', '2021-09-02 23:34:50', '2021-09-02 23:34:50'),
(922, 4, '4X4', 'size', '2021-09-02 23:34:50', '2021-09-02 23:34:50'),
(923, 4, '3', 'size', '2021-09-02 23:34:50', '2021-09-02 23:34:50'),
(924, 4, '101', 'size', '2021-09-02 23:34:50', '2021-09-02 23:34:50'),
(925, 4, '0', 'size', '2021-09-02 23:34:50', '2021-09-02 23:34:50'),
(926, 4, '2113', 'size', '2021-09-02 23:34:50', '2021-09-02 23:34:50'),
(927, 4, '202', 'size', '2021-09-02 23:34:50', '2021-09-02 23:34:50'),
(928, 4, '2H2H', 'size', '2021-09-02 23:34:50', '2021-09-02 23:34:50'),
(929, 4, '3H3H', 'size', '2021-09-02 23:34:50', '2021-09-02 23:34:50'),
(930, 4, '031H', 'size', '2021-09-02 23:34:50', '2021-09-02 23:34:50'),
(931, 4, '503', 'size', '2021-09-02 23:34:50', '2021-09-02 23:34:50'),
(932, 4, '404', 'size', '2021-09-02 23:34:50', '2021-09-02 23:34:50'),
(933, 4, '1910', 'size', '2021-09-02 23:34:50', '2021-09-02 23:34:50'),
(934, 4, '805', 'size', '2021-09-02 23:34:50', '2021-09-02 23:34:50'),
(935, 4, '402', 'size', '2021-09-02 23:34:50', '2021-09-02 23:34:50'),
(936, 4, '504', 'size', '2021-09-02 23:34:50', '2021-09-02 23:34:50'),
(937, 4, '3H2H', 'size', '2021-09-02 23:34:50', '2021-09-02 23:34:50'),
(938, 4, '5H4H', 'size', '2021-09-02 23:34:50', '2021-09-02 23:34:50'),
(939, 4, '1108', 'size', '2021-09-02 23:34:50', '2021-09-02 23:34:50'),
(940, 4, '1609', 'size', '2021-09-02 23:34:50', '2021-09-02 23:34:50'),
(941, 4, '1510', 'size', '2021-09-02 23:34:51', '2021-09-02 23:34:51'),
(942, 4, '603', 'size', '2021-09-02 23:34:51', '2021-09-02 23:34:51'),
(943, 4, '1307', 'size', '2021-09-02 23:34:51', '2021-09-02 23:34:51'),
(944, 4, '052H', 'size', '2021-09-02 23:34:51', '2021-09-02 23:34:51'),
(945, 4, '2011', 'size', '2021-09-02 23:34:51', '2021-09-02 23:34:51'),
(946, 4, '2111', 'size', '2021-09-02 23:34:51', '2021-09-02 23:34:51'),
(947, 4, '1208', 'size', '2021-09-02 23:34:51', '2021-09-02 23:34:51'),
(948, 4, '6H6H', 'size', '2021-09-02 23:34:51', '2021-09-02 23:34:51'),
(949, 4, '908', 'size', '2021-09-02 23:34:51', '2021-09-02 23:34:51'),
(950, 4, '1310', 'size', '2021-09-02 23:34:51', '2021-09-02 23:34:51'),
(951, 4, '8H6H', 'size', '2021-09-02 23:34:51', '2021-09-02 23:34:51'),
(952, 4, '707', 'size', '2021-09-02 23:34:51', '2021-09-02 23:34:51'),
(953, 4, '115H', 'size', '2021-09-02 23:34:51', '2021-09-02 23:34:51'),
(954, 4, '9H9H', 'size', '2021-09-02 23:34:51', '2021-09-02 23:34:51'),
(955, 4, '1308', 'size', '2021-09-02 23:34:51', '2021-09-02 23:34:51'),
(956, 4, '605', 'size', '2021-09-02 23:34:51', '2021-09-02 23:34:51'),
(957, 4, '1809', 'size', '2021-09-02 23:34:51', '2021-09-02 23:34:51'),
(958, 4, '1909', 'size', '2021-09-02 23:34:51', '2021-09-02 23:34:51'),
(959, 4, '1912', 'size', '2021-09-02 23:34:51', '2021-09-02 23:34:51'),
(960, 4, '1201', 'size', '2021-09-02 23:34:51', '2021-09-02 23:34:51'),
(961, 4, '8x12', 'size', '2021-09-02 23:34:51', '2021-09-02 23:34:51'),
(962, 4, '1.5', 'size', '2021-09-02 23:34:51', '2021-09-02 23:34:51'),
(963, 4, '4*8', 'size', '2021-09-02 23:34:51', '2021-09-02 23:34:51'),
(964, 4, '8*6', 'size', '2021-09-02 23:34:51', '2021-09-02 23:34:51'),
(965, 4, '5x3', 'size', '2021-09-02 23:34:51', '2021-09-02 23:34:51'),
(966, 4, '3 mm', 'size', '2021-09-02 23:34:51', '2021-09-02 23:34:51'),
(967, 4, '4x2', 'size', '2021-09-02 23:34:51', '2021-09-02 23:34:51'),
(968, 4, '9x7', 'size', '2021-09-02 23:34:51', '2021-09-02 23:34:51'),
(969, 4, '2.50*2.50', 'size', '2021-09-02 23:34:51', '2021-09-02 23:34:51'),
(970, 4, '5*7', 'size', '2021-09-02 23:34:51', '2021-09-02 23:34:51'),
(971, 4, '1H1H', 'size', '2021-09-02 23:34:51', '2021-09-02 23:34:51'),
(972, 4, '1708', 'size', '2021-09-02 23:34:51', '2021-09-02 23:34:51'),
(973, 4, '2514', 'size', '2021-09-02 23:34:51', '2021-09-02 23:34:51'),
(974, 4, '1005', 'size', '2021-09-02 23:34:51', '2021-09-02 23:34:51'),
(975, 4, '1009', 'size', '2021-09-02 23:34:51', '2021-09-02 23:34:51'),
(976, 4, '1209', 'size', '2021-09-02 23:34:51', '2021-09-02 23:34:51'),
(977, 4, '1611', 'size', '2021-09-02 23:34:51', '2021-09-02 23:34:51'),
(978, 4, '13.5', 'size', '2021-09-02 23:34:51', '2021-09-02 23:34:51'),
(979, 4, '076H', 'size', '2021-09-02 23:34:51', '2021-09-02 23:34:51'),
(980, 4, '8H8H', 'size', '2021-09-02 23:34:51', '2021-09-02 23:34:51'),
(981, 4, '11.5', 'size', '2021-09-02 23:34:51', '2021-09-02 23:34:51'),
(982, 4, '1107', 'size', '2021-09-02 23:34:51', '2021-09-02 23:34:51'),
(983, 4, '1407', 'size', '2021-09-02 23:34:51', '2021-09-02 23:34:51'),
(984, 4, '1608', 'size', '2021-09-02 23:34:51', '2021-09-02 23:34:51'),
(985, 4, '116H', 'size', '2021-09-02 23:34:51', '2021-09-02 23:34:51'),
(986, 4, '5X5', 'size', '2021-09-02 23:34:51', '2021-09-02 23:34:51'),
(987, 4, '21*16', 'size', '2021-09-02 23:34:51', '2021-09-02 23:34:51'),
(988, 4, '17*14', 'size', '2021-09-02 23:34:51', '2021-09-02 23:34:51'),
(989, 4, '15*13', 'size', '2021-09-02 23:34:51', '2021-09-02 23:34:51'),
(990, 4, '20*6', 'size', '2021-09-02 23:34:51', '2021-09-02 23:34:51'),
(991, 4, '12*12', 'size', '2021-09-02 23:34:51', '2021-09-02 23:34:51'),
(992, 4, '7*5', 'size', '2021-09-02 23:34:51', '2021-09-02 23:34:51'),
(993, 4, '22*16', 'size', '2021-09-02 23:34:51', '2021-09-02 23:34:51'),
(994, 4, '17*12', 'size', '2021-09-02 23:34:51', '2021-09-02 23:34:51'),
(995, 4, '6*6', 'size', '2021-09-02 23:34:51', '2021-09-02 23:34:51'),
(996, 4, '8*8', 'size', '2021-09-02 23:34:51', '2021-09-02 23:34:51'),
(997, 4, '2419', 'size', '2021-09-02 23:34:51', '2021-09-02 23:34:51'),
(998, 4, '2822', 'size', '2021-09-02 23:34:51', '2021-09-02 23:34:51'),
(999, 4, '1106', 'size', '2021-09-02 23:34:51', '2021-09-02 23:34:51'),
(1000, 4, '2424', 'size', '2021-09-02 23:34:51', '2021-09-02 23:34:51'),
(1001, 4, '3022', 'size', '2021-09-02 23:34:51', '2021-09-02 23:34:51'),
(1002, 4, '10*8', 'size', '2021-09-02 23:34:51', '2021-09-02 23:34:51'),
(1003, 4, '8H5H', 'size', '2021-09-02 23:34:51', '2021-09-02 23:34:51'),
(1004, 4, '9H08', 'size', '2021-09-02 23:34:51', '2021-09-02 23:34:51'),
(1005, 4, '135H', 'size', '2021-09-02 23:34:51', '2021-09-02 23:34:51'),
(1006, 4, '7X9', 'size', '2021-09-02 23:34:51', '2021-09-02 23:34:51'),
(1007, 4, '5*2.50', 'size', '2021-09-02 23:34:51', '2021-09-02 23:34:51'),
(1008, 4, '804', 'size', '2021-09-02 23:34:51', '2021-09-02 23:34:51'),
(1009, 4, '1211', 'size', '2021-09-02 23:34:51', '2021-09-02 23:34:51'),
(1010, 4, '1207', 'size', '2021-09-02 23:34:51', '2021-09-02 23:34:51'),
(1011, 4, '2X2', 'size', '2021-09-02 23:34:51', '2021-09-02 23:34:51'),
(1012, 4, '2712', 'size', '2021-09-02 23:34:51', '2021-09-02 23:34:51'),
(1013, 4, '1610', 'size', '2021-09-02 23:34:51', '2021-09-02 23:34:51'),
(1014, 4, '1.2', 'size', '2021-09-02 23:34:51', '2021-09-02 23:34:51'),
(1015, 4, '3*1.5', 'size', '2021-09-02 23:34:51', '2021-09-02 23:34:51'),
(1016, 4, '5*2.5', 'size', '2021-09-02 23:34:51', '2021-09-02 23:34:51'),
(1017, 4, '5*3', 'size', '2021-09-02 23:34:51', '2021-09-02 23:34:51'),
(1018, 4, '5*4', 'size', '2021-09-02 23:34:51', '2021-09-02 23:34:51'),
(1019, 4, '9*6', 'size', '2021-09-02 23:34:51', '2021-09-02 23:34:51'),
(1020, 4, '4*4', 'size', '2021-09-02 23:34:51', '2021-09-02 23:34:51'),
(1021, 4, '5*5', 'size', '2021-09-02 23:34:51', '2021-09-02 23:34:51'),
(1022, 4, '2*2', 'size', '2021-09-02 23:34:51', '2021-09-02 23:34:51'),
(1023, 4, '2.5*2.5', 'size', '2021-09-02 23:34:51', '2021-09-02 23:34:51'),
(1024, 4, '3*3', 'size', '2021-09-02 23:34:51', '2021-09-02 23:34:51'),
(1025, 4, '3.5*3.5', 'size', '2021-09-02 23:34:51', '2021-09-02 23:34:51'),
(1026, 4, '4.5*4.5', 'size', '2021-09-02 23:34:51', '2021-09-02 23:34:51'),
(1027, 4, '4.5', 'size', '2021-09-02 23:34:51', '2021-09-02 23:34:51'),
(1028, 4, '1.25', 'size', '2021-09-02 23:34:51', '2021-09-02 23:34:51'),
(1029, 4, '2.5', 'size', '2021-09-02 23:34:51', '2021-09-02 23:34:51'),
(1030, 4, '5*3 mm', 'size', '2021-09-02 23:34:51', '2021-09-02 23:34:51'),
(1031, 4, '1.1', 'size', '2021-09-02 23:34:51', '2021-09-02 23:34:51'),
(1032, 4, '2.3', 'size', '2021-09-02 23:34:51', '2021-09-02 23:34:51'),
(1033, 4, '1508', 'size', '2021-09-02 23:34:51', '2021-09-02 23:34:51'),
(1034, 4, '2009', 'size', '2021-09-02 23:34:51', '2021-09-02 23:34:51'),
(1035, 4, '2519', 'size', '2021-09-02 23:34:51', '2021-09-02 23:34:51'),
(1036, 4, '807', 'size', '2021-09-02 23:34:51', '2021-09-02 23:34:51'),
(1037, 4, '7x7', 'size', '2021-09-02 23:34:51', '2021-09-02 23:34:51'),
(1038, 4, '2820', 'size', '2021-09-02 23:34:51', '2021-09-02 23:34:51'),
(1039, 4, '1408', 'size', '2021-09-02 23:34:51', '2021-09-02 23:34:51'),
(1040, 4, '2H02', 'size', '2021-09-02 23:34:51', '2021-09-02 23:34:51'),
(1041, 4, '4H3H', 'size', '2021-09-02 23:34:51', '2021-09-02 23:34:51'),
(1042, 4, '1406', 'size', '2021-09-02 23:34:51', '2021-09-02 23:34:51'),
(1043, 4, '2012', 'size', '2021-09-02 23:34:51', '2021-09-02 23:34:51'),
(1044, 4, '1206', 'size', '2021-09-02 23:34:51', '2021-09-02 23:34:51'),
(1045, 4, '2216', 'size', '2021-09-02 23:34:51', '2021-09-02 23:34:51'),
(1046, 4, '1815', 'size', '2021-09-02 23:34:51', '2021-09-02 23:34:51'),
(1047, 4, '2713', 'size', '2021-09-02 23:34:51', '2021-09-02 23:34:51'),
(1048, 4, '2612', 'size', '2021-09-02 23:34:51', '2021-09-02 23:34:51'),
(1049, 4, '1.75', 'size', '2021-09-02 23:34:51', '2021-09-02 23:34:51'),
(1050, 4, '1704', 'size', '2021-09-02 23:34:51', '2021-09-02 23:34:51'),
(1051, 4, '9*7', 'size', '2021-09-02 23:34:51', '2021-09-02 23:34:51'),
(1052, 4, '9*9', 'size', '2021-09-02 23:34:51', '2021-09-02 23:34:51'),
(1053, 4, '10*10', 'size', '2021-09-02 23:34:51', '2021-09-02 23:34:51'),
(1054, 4, '10*5', 'size', '2021-09-02 23:34:51', '2021-09-02 23:34:51'),
(1055, 4, '12*6', 'size', '2021-09-02 23:34:51', '2021-09-02 23:34:51'),
(1056, 4, '11*9', 'size', '2021-09-02 23:34:51', '2021-09-02 23:34:51'),
(1057, 4, '12*10', 'size', '2021-09-02 23:34:51', '2021-09-02 23:34:51'),
(1058, 4, '10*7', 'size', '2021-09-02 23:34:51', '2021-09-02 23:34:51'),
(1059, 4, '12*8', 'size', '2021-09-02 23:34:51', '2021-09-02 23:34:51'),
(1060, 4, '1.75*1.75', 'size', '2021-09-02 23:34:51', '2021-09-02 23:34:51'),
(1061, 4, '2.75*2.75', 'size', '2021-09-02 23:34:51', '2021-09-02 23:34:51'),
(1062, 4, '7*7', 'size', '2021-09-02 23:34:51', '2021-09-02 23:34:51'),
(1063, 4, '3.5 mm', 'size', '2021-09-02 23:34:51', '2021-09-02 23:34:51'),
(1064, 4, '6X6', 'size', '2021-09-02 23:34:51', '2021-09-02 23:34:51'),
(1065, 4, '5.5X5.5', 'size', '2021-09-02 23:34:51', '2021-09-02 23:34:51'),
(1066, 4, '1', 'size', '2021-09-02 23:34:51', '2021-09-02 23:34:51'),
(1067, 4, '4*6', 'size', '2021-09-02 23:34:51', '2021-09-02 23:34:51'),
(1068, 4, '4x4', 'size', '2021-09-02 23:34:51', '2021-09-02 23:34:51'),
(1069, 4, '3x3', 'size', '2021-09-02 23:34:51', '2021-09-02 23:34:51'),
(1070, 4, '1.3x1.3', 'size', '2021-09-02 23:34:51', '2021-09-02 23:34:51'),
(1071, 4, '12*11', 'size', '2021-09-02 23:34:51', '2021-09-02 23:34:51'),
(1072, 4, '15*9', 'size', '2021-09-02 23:34:51', '2021-09-02 23:34:51'),
(1073, 4, '13*13', 'size', '2021-09-02 23:34:51', '2021-09-02 23:34:51'),
(1074, 4, '4', 'size', '2021-09-02 23:34:51', '2021-09-02 23:34:51'),
(1075, 4, '4 mm', 'size', '2021-09-02 23:34:51', '2021-09-02 23:34:51'),
(1076, 4, '12x12', 'size', '2021-09-02 23:34:51', '2021-09-02 23:34:51'),
(1077, 4, '3*3 mm', 'size', '2021-09-02 23:34:51', '2021-09-02 23:34:51'),
(1078, 4, '2 mm', 'size', '2021-09-02 23:34:51', '2021-09-02 23:34:51'),
(1079, 4, '073H', 'size', '2021-09-02 23:34:51', '2021-09-02 23:34:51'),
(1080, 4, '3H1H', 'size', '2021-09-02 23:34:51', '2021-09-02 23:34:51'),
(1081, 4, '2H1H', 'size', '2021-09-02 23:34:51', '2021-09-02 23:34:51'),
(1082, 4, '2215', 'size', '2021-09-02 23:34:51', '2021-09-02 23:34:51'),
(1083, 4, '2716', 'size', '2021-09-02 23:34:51', '2021-09-02 23:34:51'),
(1084, 4, '2208', 'size', '2021-09-02 23:34:51', '2021-09-02 23:34:51'),
(1085, 4, '2006', 'size', '2021-09-02 23:34:51', '2021-09-02 23:34:51'),
(1086, 4, '1810', 'size', '2021-09-02 23:34:51', '2021-09-02 23:34:51'),
(1087, 4, '2518', 'size', '2021-09-02 23:34:51', '2021-09-02 23:34:51'),
(1088, 4, '3131', 'size', '2021-09-02 23:34:51', '2021-09-02 23:34:51'),
(1089, 4, '2414', 'size', '2021-09-02 23:34:51', '2021-09-02 23:34:51'),
(1090, 4, '1X1', 'size', '2021-09-02 23:34:51', '2021-09-02 23:34:51'),
(1091, 4, '1405', 'size', '2021-09-02 23:34:51', '2021-09-02 23:34:51'),
(1092, 4, '302', 'size', '2021-09-02 23:34:51', '2021-09-02 23:34:51'),
(1093, 4, '704', 'size', '2021-09-02 23:34:51', '2021-09-02 23:34:51'),
(1094, 4, '7x5', 'size', '2021-09-02 23:34:51', '2021-09-02 23:34:51'),
(1095, 4, '2 MM', 'size', '2021-09-02 23:34:51', '2021-09-02 23:34:51'),
(1096, 4, '2.5MM', 'size', '2021-09-02 23:34:51', '2021-09-02 23:34:51'),
(1097, 4, '3 MM', 'size', '2021-09-02 23:34:51', '2021-09-02 23:34:51'),
(1098, 4, '2.5X2.5', 'size', '2021-09-02 23:34:51', '2021-09-02 23:34:51'),
(1099, 4, '5*2', 'size', '2021-09-02 23:34:51', '2021-09-02 23:34:51'),
(1100, 4, '3.50*3.50', 'size', '2021-09-02 23:34:51', '2021-09-02 23:34:51'),
(1101, 4, '905', 'size', '2021-09-02 23:34:51', '2021-09-02 23:34:51'),
(1102, 4, '4022', 'size', '2021-09-02 23:34:51', '2021-09-02 23:34:51'),
(1103, 4, '1.3', 'size', '2021-09-02 23:34:51', '2021-09-02 23:34:51'),
(1104, 4, '2x4', 'size', '2021-09-02 23:34:51', '2021-09-02 23:34:51'),
(1105, 4, '2120', 'size', '2021-09-02 23:34:51', '2021-09-02 23:34:51'),
(1106, 4, '2510', 'size', '2021-09-02 23:34:51', '2021-09-02 23:34:51'),
(1107, 4, '2318', 'size', '2021-09-02 23:34:51', '2021-09-02 23:34:51'),
(1108, 4, '6x4', 'size', '2021-09-02 23:34:51', '2021-09-02 23:34:51'),
(1109, 4, '6060', 'size', '2021-09-02 23:34:51', '2021-09-02 23:34:51'),
(1110, 4, '14.40*12.30', 'size', '2021-09-02 23:34:51', '2021-09-02 23:34:51'),
(1111, 4, '107H', 'size', '2021-09-02 23:34:51', '2021-09-02 23:34:51'),
(1112, 4, '3MM', 'size', '2021-09-02 23:34:51', '2021-09-02 23:34:51'),
(1113, 4, 'MIXX', 'size', '2021-09-02 23:34:51', '2021-09-02 23:34:51'),
(1114, 4, '12H5', 'size', '2021-09-02 23:34:51', '2021-09-02 23:34:51'),
(1115, 4, '13X7.30', 'size', '2021-09-02 23:34:51', '2021-09-02 23:34:51'),
(1116, 4, '11X6.20', 'size', '2021-09-02 23:34:51', '2021-09-02 23:34:51'),
(1117, 4, '4.50*4.50', 'size', '2021-09-02 23:34:51', '2021-09-02 23:34:51'),
(1118, 4, '8H3H', 'size', '2021-09-02 23:34:51', '2021-09-02 23:34:51'),
(1119, 4, '7H5H', 'size', '2021-09-02 23:34:51', '2021-09-02 23:34:51'),
(1120, 4, '3018', 'size', '2021-09-02 23:34:51', '2021-09-02 23:34:51'),
(1121, 4, '097H', 'size', '2021-09-02 23:34:51', '2021-09-02 23:34:51'),
(1122, 4, '2005', 'size', '2021-09-02 23:34:51', '2021-09-02 23:34:51'),
(1123, 4, '1914', 'size', '2021-09-02 23:34:51', '2021-09-02 23:34:51'),
(1124, 4, '1911', 'size', '2021-09-02 23:34:51', '2021-09-02 23:34:51'),
(1125, 4, '2508', 'size', '2021-09-02 23:34:51', '2021-09-02 23:34:51'),
(1126, 4, '2909', 'size', '2021-09-02 23:34:51', '2021-09-02 23:34:51'),
(1127, 4, '3025', 'size', '2021-09-02 23:34:51', '2021-09-02 23:34:51'),
(1128, 4, '2719', 'size', '2021-09-02 23:34:51', '2021-09-02 23:34:51'),
(1129, 4, '1309', 'size', '2021-09-02 23:34:51', '2021-09-02 23:34:51'),
(1130, 4, '2217', 'size', '2021-09-02 23:34:51', '2021-09-02 23:34:51'),
(1131, 4, '2218', 'size', '2021-09-02 23:34:51', '2021-09-02 23:34:51'),
(1132, 4, '3225', 'size', '2021-09-02 23:34:51', '2021-09-02 23:34:51'),
(1133, 4, '2222', 'size', '2021-09-02 23:34:51', '2021-09-02 23:34:51'),
(1134, 4, '3522', 'size', '2021-09-02 23:34:51', '2021-09-02 23:34:51'),
(1135, 4, '2517', 'size', '2021-09-02 23:34:51', '2021-09-02 23:34:51'),
(1136, 4, '3027', 'size', '2021-09-02 23:34:51', '2021-09-02 23:34:51'),
(1137, 4, '1814', 'size', '2021-09-02 23:34:51', '2021-09-02 23:34:51'),
(1138, 4, '3119', 'size', '2021-09-02 23:34:51', '2021-09-02 23:34:51'),
(1139, 4, '1711', 'size', '2021-09-02 23:34:51', '2021-09-02 23:34:51'),
(1140, 4, '5*8', 'size', '2021-09-02 23:34:51', '2021-09-02 23:34:51'),
(1141, 4, '14x7', 'size', '2021-09-02 23:34:51', '2021-09-02 23:34:51'),
(1142, 4, '14x10', 'size', '2021-09-02 23:34:51', '2021-09-02 23:34:51'),
(1143, 4, '16x8', 'size', '2021-09-02 23:34:51', '2021-09-02 23:34:51'),
(1144, 4, '20x10', 'size', '2021-09-02 23:34:51', '2021-09-02 23:34:51'),
(1145, 4, '20x15', 'size', '2021-09-02 23:34:51', '2021-09-02 23:34:51'),
(1146, 4, '22x13', 'size', '2021-09-02 23:34:51', '2021-09-02 23:34:51'),
(1147, 4, '8x8', 'size', '2021-09-02 23:34:51', '2021-09-02 23:34:51'),
(1148, 4, '9x9', 'size', '2021-09-02 23:34:51', '2021-09-02 23:34:51'),
(1149, 4, '10x10', 'size', '2021-09-02 23:34:51', '2021-09-02 23:34:51'),
(1150, 4, '13x13', 'size', '2021-09-02 23:34:51', '2021-09-02 23:34:51'),
(1151, 4, '14x12', 'size', '2021-09-02 23:34:51', '2021-09-02 23:34:51'),
(1152, 4, '14x14', 'size', '2021-09-02 23:34:51', '2021-09-02 23:34:51'),
(1153, 4, '16x10', 'size', '2021-09-02 23:34:51', '2021-09-02 23:34:51'),
(1154, 4, '12x6', 'size', '2021-09-02 23:34:51', '2021-09-02 23:34:51'),
(1155, 4, '10x8', 'size', '2021-09-02 23:34:51', '2021-09-02 23:34:51'),
(1156, 4, '11x9', 'size', '2021-09-02 23:34:51', '2021-09-02 23:34:51'),
(1157, 4, '12x10', 'size', '2021-09-02 23:34:51', '2021-09-02 23:34:51'),
(1158, 4, '16x13', 'size', '2021-09-02 23:34:51', '2021-09-02 23:34:51'),
(1159, 4, '16x12', 'size', '2021-09-02 23:34:51', '2021-09-02 23:34:51'),
(1160, 4, '18x13', 'size', '2021-09-02 23:34:51', '2021-09-02 23:34:51'),
(1161, 4, '22x16', 'size', '2021-09-02 23:34:51', '2021-09-02 23:34:51'),
(1162, 4, '10x12', 'size', '2021-09-02 23:34:51', '2021-09-02 23:34:51'),
(1163, 4, '11x11', 'size', '2021-09-02 23:34:51', '2021-09-02 23:34:51'),
(1164, 4, '3024', 'size', '2021-09-02 23:34:51', '2021-09-02 23:34:51'),
(1165, 4, '2727', 'size', '2021-09-02 23:34:51', '2021-09-02 23:34:51'),
(1166, 4, '2121', 'size', '2021-09-02 23:34:51', '2021-09-02 23:34:51'),
(1167, 4, '14*10', 'size', '2021-09-02 23:34:51', '2021-09-02 23:34:51'),
(1168, 4, '1811', 'size', '2021-09-02 23:34:51', '2021-09-02 23:34:51'),
(1169, 4, '2614', 'size', '2021-09-02 23:34:51', '2021-09-02 23:34:51'),
(1170, 4, '6H5H', 'size', '2021-09-02 23:34:51', '2021-09-02 23:34:51'),
(1171, 4, '7X5', 'size', '2021-09-02 23:34:51', '2021-09-02 23:34:51'),
(1172, 4, '12X9', 'size', '2021-09-02 23:34:51', '2021-09-02 23:34:51'),
(1173, 4, '8X6', 'size', '2021-09-02 23:34:51', '2021-09-02 23:34:51'),
(1174, 4, '11*4', 'size', '2021-09-02 23:34:51', '2021-09-02 23:34:51'),
(1175, 4, '14*5', 'size', '2021-09-02 23:34:51', '2021-09-02 23:34:51'),
(1176, 4, '14*7', 'size', '2021-09-02 23:34:51', '2021-09-02 23:34:51'),
(1177, 4, '16*9', 'size', '2021-09-02 23:34:51', '2021-09-02 23:34:51'),
(1178, 4, '11*11', 'size', '2021-09-02 23:34:51', '2021-09-02 23:34:51'),
(1179, 4, '12*7', 'size', '2021-09-02 23:34:51', '2021-09-02 23:34:51'),
(1180, 4, '15*7', 'size', '2021-09-02 23:34:51', '2021-09-02 23:34:51'),
(1181, 4, '15*8', 'size', '2021-09-02 23:34:51', '2021-09-02 23:34:51'),
(1182, 4, '16*10', 'size', '2021-09-02 23:34:51', '2021-09-02 23:34:51'),
(1183, 4, '20*10', 'size', '2021-09-02 23:34:51', '2021-09-02 23:34:51'),
(1184, 4, '18*13', 'size', '2021-09-02 23:34:51', '2021-09-02 23:34:51'),
(1185, 4, '20*12', 'size', '2021-09-02 23:34:51', '2021-09-02 23:34:51'),
(1186, 4, '12*9', 'size', '2021-09-02 23:34:51', '2021-09-02 23:34:51'),
(1187, 4, '16*12', 'size', '2021-09-02 23:34:51', '2021-09-02 23:34:51'),
(1188, 4, '24*8', 'size', '2021-09-02 23:34:51', '2021-09-02 23:34:51'),
(1189, 4, '14*14', 'size', '2021-09-02 23:34:51', '2021-09-02 23:34:51'),
(1190, 4, '18*10', 'size', '2021-09-02 23:34:51', '2021-09-02 23:34:51'),
(1191, 4, '16*14', 'size', '2021-09-02 23:34:51', '2021-09-02 23:34:51'),
(1192, 4, '19*9', 'size', '2021-09-02 23:34:51', '2021-09-02 23:34:51'),
(1193, 4, '35*14', 'size', '2021-09-02 23:34:51', '2021-09-02 23:34:51'),
(1194, 4, '20*15', 'size', '2021-09-02 23:34:51', '2021-09-02 23:34:51'),
(1195, 4, '25*16', 'size', '2021-09-02 23:34:51', '2021-09-02 23:34:51'),
(1196, 4, '18*9', 'size', '2021-09-02 23:34:51', '2021-09-02 23:34:51'),
(1197, 4, '14*12', 'size', '2021-09-02 23:34:51', '2021-09-02 23:34:51'),
(1198, 4, '24*12', 'size', '2021-09-02 23:34:51', '2021-09-02 23:34:51'),
(1199, 4, '2710', 'size', '2021-09-02 23:34:51', '2021-09-02 23:34:51'),
(1200, 4, '2613', 'size', '2021-09-02 23:34:51', '2021-09-02 23:34:51'),
(1201, 4, '2316', 'size', '2021-09-02 23:34:51', '2021-09-02 23:34:51'),
(1202, 4, '1703', 'size', '2021-09-02 23:34:51', '2021-09-02 23:34:51'),
(1203, 4, 'MIXM', 'size', '2021-09-02 23:34:51', '2021-09-02 23:34:51'),
(1204, 4, '4X2', 'size', '2021-09-02 23:34:51', '2021-09-02 23:34:51'),
(1205, 4, '5X2.5', 'size', '2021-09-02 23:34:51', '2021-09-02 23:34:51'),
(1206, 4, '4X3', 'size', '2021-09-02 23:34:51', '2021-09-02 23:34:51'),
(1207, 4, '5X3', 'size', '2021-09-02 23:34:51', '2021-09-02 23:34:51'),
(1208, 4, '3.5X3.5', 'size', '2021-09-02 23:34:51', '2021-09-02 23:34:51'),
(1209, 4, '3.75X3.75', 'size', '2021-09-02 23:34:51', '2021-09-02 23:34:51'),
(1210, 4, '2.5 mm', 'size', '2021-09-02 23:34:51', '2021-09-02 23:34:51'),
(1211, 4, '0.9X0.9', 'size', '2021-09-02 23:34:51', '2021-09-02 23:34:51'),
(1212, 4, '1.1X1.1', 'size', '2021-09-02 23:34:51', '2021-09-02 23:34:51'),
(1213, 4, '1.2X1.2', 'size', '2021-09-02 23:34:51', '2021-09-02 23:34:51'),
(1214, 4, '1.1x1.1', 'size', '2021-09-02 23:34:51', '2021-09-02 23:34:51'),
(1215, 4, '2.50 mm', 'size', '2021-09-02 23:34:51', '2021-09-02 23:34:51'),
(1216, 4, '3mm', 'size', '2021-09-02 23:34:51', '2021-09-02 23:34:51'),
(1217, 4, '3.50 mm', 'size', '2021-09-02 23:34:51', '2021-09-02 23:34:51'),
(1218, 4, '4*3 mm', 'size', '2021-09-02 23:34:51', '2021-09-02 23:34:51'),
(1219, 4, '6*4 mm', 'size', '2021-09-02 23:34:51', '2021-09-02 23:34:51'),
(1220, 4, '5*4 mm', 'size', '2021-09-02 23:34:51', '2021-09-02 23:34:51'),
(1221, 4, '3410', 'size', '2021-09-02 23:34:51', '2021-09-02 23:34:51'),
(1222, 4, '2422', 'size', '2021-09-02 23:34:51', '2021-09-02 23:34:51'),
(1223, 4, '2323', 'size', '2021-09-02 23:34:51', '2021-09-02 23:34:51'),
(1224, 4, '1513', 'size', '2021-09-02 23:34:51', '2021-09-02 23:34:51'),
(1225, 4, '1913', 'size', '2021-09-02 23:34:51', '2021-09-02 23:34:51'),
(1226, 4, '156H', 'size', '2021-09-02 23:34:51', '2021-09-02 23:34:51'),
(1227, 4, '1105', 'size', '2021-09-02 23:34:51', '2021-09-02 23:34:51'),
(1228, 4, '904', 'size', '2021-09-02 23:34:51', '2021-09-02 23:34:51'),
(1229, 4, '5H5H', 'size', '2021-09-02 23:34:51', '2021-09-02 23:34:51'),
(1230, 4, '17*13', 'size', '2021-09-02 23:34:51', '2021-09-02 23:34:51'),
(1231, 4, '148H', 'size', '2021-09-02 23:34:51', '2021-09-02 23:34:51'),
(1232, 4, '3316', 'size', '2021-09-02 23:34:51', '2021-09-02 23:34:51'),
(1233, 4, '3517', 'size', '2021-09-02 23:34:51', '2021-09-02 23:34:51'),
(1234, 4, '1807', 'size', '2021-09-02 23:34:51', '2021-09-02 23:34:51'),
(1235, 4, '2016', 'size', '2021-09-02 23:34:51', '2021-09-02 23:34:51'),
(1236, 4, '6*3 mm', 'size', '2021-09-02 23:34:51', '2021-09-02 23:34:51'),
(1237, 4, '2512', 'size', '2021-09-02 23:34:51', '2021-09-02 23:34:51'),
(1238, 4, '4020', 'size', '2021-09-02 23:34:51', '2021-09-02 23:34:51'),
(1239, 4, '3808', 'size', '2021-09-02 23:34:51', '2021-09-02 23:34:51'),
(1240, 4, '4508', 'size', '2021-09-02 23:34:51', '2021-09-02 23:34:51'),
(1241, 4, '2406', 'size', '2021-09-02 23:34:51', '2021-09-02 23:34:51'),
(1242, 4, '1613', 'size', '2021-09-02 23:34:51', '2021-09-02 23:34:51'),
(1243, 4, '1806', 'size', '2021-09-02 23:34:51', '2021-09-02 23:34:51'),
(1244, 4, '7H06', 'size', '2021-09-02 23:34:51', '2021-09-02 23:34:51'),
(1245, 4, '1312', 'size', '2021-09-02 23:34:51', '2021-09-02 23:34:51'),
(1246, 4, '094H', 'size', '2021-09-02 23:34:51', '2021-09-02 23:34:51'),
(1247, 4, '407H', 'size', '2021-09-02 23:34:51', '2021-09-02 23:34:51'),
(1248, 4, '2711', 'size', '2021-09-02 23:34:51', '2021-09-02 23:34:51'),
(1249, 4, '2315', 'size', '2021-09-02 23:34:51', '2021-09-02 23:34:51'),
(1250, 4, '23X12', 'size', '2021-09-02 23:34:51', '2021-09-02 23:34:51'),
(1251, 4, '15X15', 'size', '2021-09-02 23:34:51', '2021-09-02 23:34:51'),
(1252, 4, '16X15', 'size', '2021-09-02 23:34:51', '2021-09-02 23:34:51'),
(1253, 4, '10X5', 'size', '2021-09-02 23:34:51', '2021-09-02 23:34:51'),
(1254, 4, '20X10', 'size', '2021-09-02 23:34:51', '2021-09-02 23:34:51'),
(1255, 4, '14X8', 'size', '2021-09-02 23:34:51', '2021-09-02 23:34:51'),
(1256, 4, '16X22', 'size', '2021-09-02 23:34:51', '2021-09-02 23:34:51'),
(1257, 4, '22X16', 'size', '2021-09-02 23:34:51', '2021-09-02 23:34:51'),
(1258, 4, '10X7', 'size', '2021-09-02 23:34:51', '2021-09-02 23:34:51'),
(1259, 4, '16X10', 'size', '2021-09-02 23:34:51', '2021-09-02 23:34:51'),
(1260, 4, '3.3', 'size', '2021-09-02 23:34:51', '2021-09-02 23:34:51'),
(1261, 4, '201', 'size', '2021-09-02 23:34:51', '2021-09-02 23:34:51'),
(1262, 4, '5x2.5', 'size', '2021-09-02 23:34:51', '2021-09-02 23:34:51'),
(1263, 4, '6x3', 'size', '2021-09-02 23:34:51', '2021-09-02 23:34:51'),
(1264, 4, '6X4', 'size', '2021-09-02 23:34:51', '2021-09-02 23:34:51'),
(1265, 4, '8X10', 'size', '2021-09-02 23:34:51', '2021-09-02 23:34:51'),
(1266, 4, '9X11', 'size', '2021-09-02 23:34:51', '2021-09-02 23:34:51'),
(1267, 4, '1.75X1.75', 'size', '2021-09-02 23:34:51', '2021-09-02 23:34:51'),
(1268, 4, '5', 'size', '2021-09-02 23:34:51', '2021-09-02 23:34:51'),
(1269, 4, '20*13', 'size', '2021-09-02 23:34:51', '2021-09-02 23:34:51'),
(1270, 4, '3H03', 'size', '2021-09-02 23:34:51', '2021-09-02 23:34:51'),
(1271, 4, '041H', 'size', '2021-09-02 23:34:51', '2021-09-02 23:34:51'),
(1272, 4, '1.5X1.5', 'size', '2021-09-02 23:34:51', '2021-09-02 23:34:51'),
(1273, 4, '1.5x1.5', 'size', '2021-09-02 23:34:51', '2021-09-02 23:34:51'),
(1274, 4, '5x5', 'size', '2021-09-02 23:34:51', '2021-09-02 23:34:51'),
(1275, 4, '1.5 mm', 'size', '2021-09-02 23:34:51', '2021-09-02 23:34:51'),
(1276, 4, '2617', 'size', '2021-09-02 23:34:51', '2021-09-02 23:34:51'),
(1277, 4, '6.50*4.50', 'size', '2021-09-02 23:34:51', '2021-09-02 23:34:51'),
(1278, 4, '1.50*1.50', 'size', '2021-09-02 23:34:51', '2021-09-02 23:34:51'),
(1279, 4, '2723', 'size', '2021-09-02 23:34:51', '2021-09-02 23:34:51'),
(1280, 4, '1816', 'size', '2021-09-02 23:34:51', '2021-09-02 23:34:51'),
(1281, 4, '3325', 'size', '2021-09-02 23:34:51', '2021-09-02 23:34:51'),
(1282, 4, '1.3 mm', 'size', '2021-09-02 23:34:51', '2021-09-02 23:34:51'),
(1283, 4, '18*15', 'size', '2021-09-02 23:34:51', '2021-09-02 23:34:51'),
(1284, 4, '1.25X1.25', 'size', '2021-09-02 23:34:51', '2021-09-02 23:34:51'),
(1285, 4, '0.9', 'size', '2021-09-02 23:34:51', '2021-09-02 23:34:51'),
(1286, 4, '1.4', 'size', '2021-09-02 23:34:51', '2021-09-02 23:34:51'),
(1287, 4, '1x1', 'size', '2021-09-02 23:34:51', '2021-09-02 23:34:51'),
(1288, 4, '1.25x1.25', 'size', '2021-09-02 23:34:51', '2021-09-02 23:34:51'),
(1289, 4, '2.5x2.5', 'size', '2021-09-02 23:34:51', '2021-09-02 23:34:51'),
(1290, 4, '1110', 'size', '2021-09-02 23:34:51', '2021-09-02 23:34:51'),
(1291, 4, '0RD0', 'size', '2021-09-02 23:34:51', '2021-09-02 23:34:51'),
(1292, 4, '0RD1', 'size', '2021-09-02 23:34:51', '2021-09-02 23:34:51'),
(1293, 4, '7H6H', 'size', '2021-09-02 23:34:51', '2021-09-02 23:34:51'),
(1294, 4, '228H', 'size', '2021-09-02 23:34:51', '2021-09-02 23:34:51'),
(1295, 4, '1507', 'size', '2021-09-02 23:34:51', '2021-09-02 23:34:51'),
(1296, 4, '032H', 'size', '2021-09-02 23:34:51', '2021-09-02 23:34:51'),
(1297, 4, '7H4H', 'size', '2021-09-02 23:34:51', '2021-09-02 23:34:51'),
(1298, 4, '1918', 'size', '2021-09-02 23:34:51', '2021-09-02 23:34:51'),
(1299, 4, '16*8', 'size', '2021-09-02 23:34:51', '2021-09-02 23:34:51'),
(1300, 4, '1*1', 'size', '2021-09-02 23:34:51', '2021-09-02 23:34:51'),
(1301, 4, '26*18', 'size', '2021-09-02 23:34:51', '2021-09-02 23:34:51'),
(1302, 4, '1.5*1.5', 'size', '2021-09-02 23:34:51', '2021-09-02 23:34:51'),
(1303, 4, '18*6', 'size', '2021-09-02 23:34:51', '2021-09-02 23:34:51'),
(1304, 4, '25*21', 'size', '2021-09-02 23:34:51', '2021-09-02 23:34:51'),
(1305, 4, '10*12', 'size', '2021-09-02 23:34:51', '2021-09-02 23:34:51'),
(1306, 4, '12*16', 'size', '2021-09-02 23:34:51', '2021-09-02 23:34:51'),
(1307, 4, '2.25*2.25', 'size', '2021-09-02 23:34:51', '2021-09-02 23:34:51'),
(1308, 4, '2MM', 'size', '2021-09-02 23:34:51', '2021-09-02 23:34:51'),
(1309, 4, '10*14', 'size', '2021-09-02 23:34:51', '2021-09-02 23:34:51'),
(1310, 4, '6*7', 'size', '2021-09-02 23:34:51', '2021-09-02 23:34:51'),
(1311, 4, '5.6*3.7', 'size', '2021-09-02 23:34:51', '2021-09-02 23:34:51'),
(1312, 4, '10*6', 'size', '2021-09-02 23:34:51', '2021-09-02 23:34:51'),
(1313, 4, '15*10', 'size', '2021-09-02 23:34:51', '2021-09-02 23:34:51'),
(1314, 4, '14.1', 'size', '2021-09-02 23:34:51', '2021-09-02 23:34:51'),
(1315, 4, '0.80*0.80', 'size', '2021-09-02 23:34:51', '2021-09-02 23:34:51'),
(1316, 4, '0.90*0.90', 'size', '2021-09-02 23:34:51', '2021-09-02 23:34:51'),
(1317, 4, '1.1*1.1', 'size', '2021-09-02 23:34:51', '2021-09-02 23:34:51'),
(1318, 4, '1.20*1.20', 'size', '2021-09-02 23:34:51', '2021-09-02 23:34:51'),
(1319, 4, '1.25*1.25', 'size', '2021-09-02 23:34:51', '2021-09-02 23:34:51'),
(1320, 4, '1.30*1.30', 'size', '2021-09-02 23:34:51', '2021-09-02 23:34:51'),
(1321, 4, '1.40*1.40', 'size', '2021-09-02 23:34:51', '2021-09-02 23:34:51'),
(1322, 4, '1.60*1.60', 'size', '2021-09-02 23:34:51', '2021-09-02 23:34:51'),
(1323, 4, '1.80*1.80', 'size', '2021-09-02 23:34:51', '2021-09-02 23:34:51'),
(1324, 4, '2*1', 'size', '2021-09-02 23:34:51', '2021-09-02 23:34:51'),
(1325, 4, '0.8*0.8', 'size', '2021-09-02 23:34:51', '2021-09-02 23:34:51'),
(1326, 4, '0.9*0.9', 'size', '2021-09-02 23:34:51', '2021-09-02 23:34:51'),
(1327, 4, '1.2*1.2', 'size', '2021-09-02 23:34:51', '2021-09-02 23:34:51'),
(1328, 4, '1.3*1.3', 'size', '2021-09-02 23:34:51', '2021-09-02 23:34:51'),
(1329, 4, '1.4*1.4', 'size', '2021-09-02 23:34:51', '2021-09-02 23:34:51'),
(1330, 4, '1.6*1.6', 'size', '2021-09-02 23:34:51', '2021-09-02 23:34:51'),
(1331, 4, '1.8*1.8', 'size', '2021-09-02 23:34:51', '2021-09-02 23:34:51'),
(1332, 4, '1.9*1.9', 'size', '2021-09-02 23:34:51', '2021-09-02 23:34:51'),
(1333, 4, '5.5*5.5', 'size', '2021-09-02 23:34:51', '2021-09-02 23:34:51'),
(1334, 4, '3*2*1.5', 'size', '2021-09-02 23:34:51', '2021-09-02 23:34:51'),
(1335, 4, '5mm', 'size', '2021-09-02 23:34:51', '2021-09-02 23:34:51'),
(1336, 4, '11*8', 'size', '2021-09-02 23:34:51', '2021-09-02 23:34:51'),
(1337, 4, '13*8', 'size', '2021-09-02 23:34:51', '2021-09-02 23:34:51'),
(1338, 4, '15*15', 'size', '2021-09-02 23:34:51', '2021-09-02 23:34:51'),
(1339, 4, '18*11', 'size', '2021-09-02 23:34:51', '2021-09-02 23:34:51'),
(1340, 4, '7*4', 'size', '2021-09-02 23:34:51', '2021-09-02 23:34:51'),
(1341, 4, '21*14', 'size', '2021-09-02 23:34:51', '2021-09-02 23:34:51'),
(1342, 4, '13*9', 'size', '2021-09-02 23:34:51', '2021-09-02 23:34:51'),
(1343, 4, '14*8', 'size', '2021-09-02 23:34:51', '2021-09-02 23:34:51'),
(1344, 4, '11*7', 'size', '2021-09-02 23:34:51', '2021-09-02 23:34:51');
INSERT INTO `product_category` (`id`, `product_id`, `name`, `type`, `created_at`, `updated_at`) VALUES
(1345, 4, '6*8', 'size', '2021-09-02 23:34:51', '2021-09-02 23:34:51'),
(1346, 4, '18*14', 'size', '2021-09-02 23:34:51', '2021-09-02 23:34:51'),
(1347, 4, '16*5.50', 'size', '2021-09-02 23:34:51', '2021-09-02 23:34:51'),
(1348, 4, '30*6', 'size', '2021-09-02 23:34:51', '2021-09-02 23:34:51'),
(1349, 5, '60', 'pricect', '2021-09-02 23:38:58', '2021-09-02 23:38:58'),
(1350, 5, '13', 'pricect', '2021-09-02 23:38:58', '2021-09-02 23:38:58'),
(1351, 5, '138', 'pricect', '2021-09-02 23:38:58', '2021-09-02 23:38:58'),
(1352, 5, '63', 'pricect', '2021-09-02 23:38:58', '2021-09-02 23:38:58'),
(1353, 5, '56', 'pricect', '2021-09-02 23:38:58', '2021-09-02 23:38:58'),
(1354, 5, '50', 'pricect', '2021-09-02 23:38:58', '2021-09-02 23:38:58'),
(1355, 5, '35', 'pricect', '2021-09-02 23:38:58', '2021-09-02 23:38:58'),
(1356, 5, '31', 'pricect', '2021-09-02 23:38:58', '2021-09-02 23:38:58'),
(1357, 5, '28', 'pricect', '2021-09-02 23:38:58', '2021-09-02 23:38:58'),
(1358, 5, '25', 'pricect', '2021-09-02 23:38:58', '2021-09-02 23:38:58'),
(1359, 5, '24', 'pricect', '2021-09-02 23:38:58', '2021-09-02 23:38:58'),
(1360, 5, '23', 'pricect', '2021-09-02 23:38:58', '2021-09-02 23:38:58'),
(1361, 5, '20', 'pricect', '2021-09-02 23:38:58', '2021-09-02 23:38:58'),
(1362, 5, '19', 'pricect', '2021-09-02 23:38:58', '2021-09-02 23:38:58'),
(1363, 5, '18', 'pricect', '2021-09-02 23:38:58', '2021-09-02 23:38:58'),
(1364, 5, '15', 'pricect', '2021-09-02 23:38:58', '2021-09-02 23:38:58'),
(1365, 5, '11', 'pricect', '2021-09-02 23:38:58', '2021-09-02 23:38:58'),
(1366, 5, '6', 'pricect', '2021-09-02 23:38:58', '2021-09-02 23:38:58'),
(1367, 5, '4', 'pricect', '2021-09-02 23:38:58', '2021-09-02 23:38:58'),
(1368, 5, '38', 'pricect', '2021-09-02 23:38:58', '2021-09-02 23:38:58'),
(1369, 5, '40', 'pricect', '2021-09-02 23:38:58', '2021-09-02 23:38:58'),
(1370, 5, '250', 'pricect', '2021-09-02 23:38:58', '2021-09-02 23:38:58'),
(1371, 5, '75', 'pricect', '2021-09-02 23:38:58', '2021-09-02 23:38:58'),
(1372, 5, '150', 'pricect', '2021-09-02 23:38:58', '2021-09-02 23:38:58'),
(1373, 5, '205', 'pricect', '2021-09-02 23:38:58', '2021-09-02 23:38:58'),
(1374, 5, '125', 'pricect', '2021-09-02 23:38:58', '2021-09-02 23:38:58'),
(1375, 5, '106', 'pricect', '2021-09-02 23:38:58', '2021-09-02 23:38:58'),
(1376, 5, '84', 'pricect', '2021-09-02 23:38:58', '2021-09-02 23:38:58'),
(1377, 5, '66', 'pricect', '2021-09-02 23:38:58', '2021-09-02 23:38:58'),
(1378, 5, '46', 'pricect', '2021-09-02 23:38:58', '2021-09-02 23:38:58'),
(1379, 5, '43', 'pricect', '2021-09-02 23:38:58', '2021-09-02 23:38:58'),
(1380, 5, '17', 'pricect', '2021-09-02 23:38:58', '2021-09-02 23:38:58'),
(1381, 5, '8', 'pricect', '2021-09-02 23:38:58', '2021-09-02 23:38:58'),
(1382, 5, '65', 'pricect', '2021-09-02 23:38:58', '2021-09-02 23:38:58'),
(1383, 5, '70', 'pricect', '2021-09-02 23:38:58', '2021-09-02 23:38:58'),
(1384, 5, '80', 'pricect', '2021-09-02 23:38:58', '2021-09-02 23:38:58'),
(1385, 5, '100', 'pricect', '2021-09-02 23:38:58', '2021-09-02 23:38:58'),
(1386, 5, '200', 'pricect', '2021-09-02 23:38:58', '2021-09-02 23:38:58'),
(1387, 5, '225', 'pricect', '2021-09-02 23:38:58', '2021-09-02 23:38:58'),
(1388, 5, '1375', 'pricect', '2021-09-02 23:38:58', '2021-09-02 23:38:58'),
(1389, 5, '875', 'pricect', '2021-09-02 23:38:58', '2021-09-02 23:38:58'),
(1390, 5, '563', 'pricect', '2021-09-02 23:38:58', '2021-09-02 23:38:58'),
(1391, 5, '464', 'pricect', '2021-09-02 23:38:58', '2021-09-02 23:38:58'),
(1392, 5, '425', 'pricect', '2021-09-02 23:38:58', '2021-09-02 23:38:58'),
(1393, 5, '375', 'pricect', '2021-09-02 23:38:58', '2021-09-02 23:38:58'),
(1394, 5, '325', 'pricect', '2021-09-02 23:38:58', '2021-09-02 23:38:58'),
(1395, 5, '321', 'pricect', '2021-09-02 23:38:58', '2021-09-02 23:38:58'),
(1396, 5, '313', 'pricect', '2021-09-02 23:38:58', '2021-09-02 23:38:58'),
(1397, 5, '300', 'pricect', '2021-09-02 23:38:58', '2021-09-02 23:38:58'),
(1398, 5, '298', 'pricect', '2021-09-02 23:38:58', '2021-09-02 23:38:58'),
(1399, 5, '281', 'pricect', '2021-09-02 23:38:58', '2021-09-02 23:38:58'),
(1400, 5, '279', 'pricect', '2021-09-02 23:38:58', '2021-09-02 23:38:58'),
(1401, 5, '275', 'pricect', '2021-09-02 23:38:58', '2021-09-02 23:38:58'),
(1402, 5, '258', 'pricect', '2021-09-02 23:38:58', '2021-09-02 23:38:58'),
(1403, 5, '246', 'pricect', '2021-09-02 23:38:58', '2021-09-02 23:38:58'),
(1404, 5, '232', 'pricect', '2021-09-02 23:38:58', '2021-09-02 23:38:58'),
(1405, 5, '231', 'pricect', '2021-09-02 23:38:58', '2021-09-02 23:38:58'),
(1406, 5, '229', 'pricect', '2021-09-02 23:38:58', '2021-09-02 23:38:58'),
(1407, 5, '219', 'pricect', '2021-09-02 23:38:58', '2021-09-02 23:38:58'),
(1408, 5, '213', 'pricect', '2021-09-02 23:38:58', '2021-09-02 23:38:58'),
(1409, 5, '209', 'pricect', '2021-09-02 23:38:58', '2021-09-02 23:38:58'),
(1410, 5, '188', 'pricect', '2021-09-02 23:38:58', '2021-09-02 23:38:58'),
(1411, 5, '186', 'pricect', '2021-09-02 23:38:58', '2021-09-02 23:38:58'),
(1412, 5, '169', 'pricect', '2021-09-02 23:38:58', '2021-09-02 23:38:58'),
(1413, 5, '156', 'pricect', '2021-09-02 23:38:58', '2021-09-02 23:38:58'),
(1414, 5, '147', 'pricect', '2021-09-02 23:38:58', '2021-09-02 23:38:58'),
(1415, 5, '140', 'pricect', '2021-09-02 23:38:58', '2021-09-02 23:38:58'),
(1416, 5, '135', 'pricect', '2021-09-02 23:38:58', '2021-09-02 23:38:58'),
(1417, 5, '113', 'pricect', '2021-09-02 23:38:58', '2021-09-02 23:38:58'),
(1418, 5, '103', 'pricect', '2021-09-02 23:38:58', '2021-09-02 23:38:58'),
(1419, 5, '94', 'pricect', '2021-09-02 23:38:58', '2021-09-02 23:38:58'),
(1420, 5, '88', 'pricect', '2021-09-02 23:38:58', '2021-09-02 23:38:58'),
(1421, 5, '83', 'pricect', '2021-09-02 23:38:58', '2021-09-02 23:38:58'),
(1422, 5, '81', 'pricect', '2021-09-02 23:38:58', '2021-09-02 23:38:58'),
(1423, 5, '76', 'pricect', '2021-09-02 23:38:58', '2021-09-02 23:38:58'),
(1424, 5, '73', 'pricect', '2021-09-02 23:38:58', '2021-09-02 23:38:58'),
(1425, 5, '69', 'pricect', '2021-09-02 23:38:58', '2021-09-02 23:38:58'),
(1426, 5, '57', 'pricect', '2021-09-02 23:38:58', '2021-09-02 23:38:58'),
(1427, 5, '55', 'pricect', '2021-09-02 23:38:58', '2021-09-02 23:38:58'),
(1428, 5, '54', 'pricect', '2021-09-02 23:38:58', '2021-09-02 23:38:58'),
(1429, 5, '53', 'pricect', '2021-09-02 23:38:58', '2021-09-02 23:38:58'),
(1430, 5, '47', 'pricect', '2021-09-02 23:38:58', '2021-09-02 23:38:58'),
(1431, 5, '45', 'pricect', '2021-09-02 23:38:58', '2021-09-02 23:38:58'),
(1432, 5, '44', 'pricect', '2021-09-02 23:38:58', '2021-09-02 23:38:58'),
(1433, 5, '42', 'pricect', '2021-09-02 23:38:58', '2021-09-02 23:38:58'),
(1434, 5, '41', 'pricect', '2021-09-02 23:38:58', '2021-09-02 23:38:58'),
(1435, 5, '37', 'pricect', '2021-09-02 23:38:58', '2021-09-02 23:38:58'),
(1436, 5, '33', 'pricect', '2021-09-02 23:38:58', '2021-09-02 23:38:58'),
(1437, 5, '21', 'pricect', '2021-09-02 23:38:58', '2021-09-02 23:38:58'),
(1438, 5, '2', 'pricect', '2021-09-02 23:38:58', '2021-09-02 23:38:58'),
(1439, 5, '1', 'pricect', '2021-09-02 23:38:58', '2021-09-02 23:38:58'),
(1440, 5, '550', 'pricect', '2021-09-02 23:38:58', '2021-09-02 23:38:58'),
(1441, 5, '450', 'pricect', '2021-09-02 23:38:58', '2021-09-02 23:38:58'),
(1442, 5, '500', 'pricect', '2021-09-02 23:38:58', '2021-09-02 23:38:58'),
(1443, 5, '180', 'pricect', '2021-09-02 23:38:58', '2021-09-02 23:38:58'),
(1444, 5, '90', 'pricect', '2021-09-02 23:38:58', '2021-09-02 23:38:58'),
(1445, 5, '350', 'pricect', '2021-09-02 23:38:58', '2021-09-02 23:38:58'),
(1446, 5, '110', 'pricect', '2021-09-02 23:38:58', '2021-09-02 23:38:58'),
(1447, 5, '764', 'pricect', '2021-09-02 23:38:58', '2021-09-02 23:38:58'),
(1448, 5, '208', 'pricect', '2021-09-02 23:38:58', '2021-09-02 23:38:58'),
(1449, 5, '193', 'pricect', '2021-09-02 23:38:58', '2021-09-02 23:38:58'),
(1450, 5, '191', 'pricect', '2021-09-02 23:38:58', '2021-09-02 23:38:58'),
(1451, 5, '190', 'pricect', '2021-09-02 23:38:58', '2021-09-02 23:38:58'),
(1452, 5, '185', 'pricect', '2021-09-02 23:38:58', '2021-09-02 23:38:58'),
(1453, 5, '178', 'pricect', '2021-09-02 23:38:58', '2021-09-02 23:38:58'),
(1454, 5, '175', 'pricect', '2021-09-02 23:38:58', '2021-09-02 23:38:58'),
(1455, 5, '168', 'pricect', '2021-09-02 23:38:58', '2021-09-02 23:38:58'),
(1456, 5, '163', 'pricect', '2021-09-02 23:38:58', '2021-09-02 23:38:58'),
(1457, 5, '123', 'pricect', '2021-09-02 23:38:58', '2021-09-02 23:38:58'),
(1458, 5, '119', 'pricect', '2021-09-02 23:38:58', '2021-09-02 23:38:58'),
(1459, 5, '99', 'pricect', '2021-09-02 23:38:58', '2021-09-02 23:38:58'),
(1460, 5, '86', 'pricect', '2021-09-02 23:38:58', '2021-09-02 23:38:58'),
(1461, 5, '59', 'pricect', '2021-09-02 23:38:58', '2021-09-02 23:38:58'),
(1462, 5, '29', 'pricect', '2021-09-02 23:38:58', '2021-09-02 23:38:58'),
(1463, 5, '888', 'pricect', '2021-09-02 23:38:58', '2021-09-02 23:38:58'),
(1464, 5, '800', 'pricect', '2021-09-02 23:38:58', '2021-09-02 23:38:58'),
(1465, 5, '756', 'pricect', '2021-09-02 23:38:58', '2021-09-02 23:38:58'),
(1466, 5, '675', 'pricect', '2021-09-02 23:38:58', '2021-09-02 23:38:58'),
(1467, 5, '606', 'pricect', '2021-09-02 23:38:58', '2021-09-02 23:38:58'),
(1468, 5, '438', 'pricect', '2021-09-02 23:38:58', '2021-09-02 23:38:58'),
(1469, 5, '625', 'pricect', '2021-09-02 23:38:58', '2021-09-02 23:38:58'),
(1470, 5, '353', 'pricect', '2021-09-02 23:38:58', '2021-09-02 23:38:58'),
(1471, 5, '344', 'pricect', '2021-09-02 23:38:58', '2021-09-02 23:38:58'),
(1472, 5, '30', 'pricect', '2021-09-02 23:38:58', '2021-09-02 23:38:58'),
(1473, 5, '600', 'pricect', '2021-09-02 23:38:58', '2021-09-02 23:38:58'),
(1474, 5, '14', 'pricect', '2021-09-02 23:38:58', '2021-09-02 23:38:58'),
(1475, 5, '16', 'pricect', '2021-09-02 23:38:58', '2021-09-02 23:38:58'),
(1476, 5, '192', 'pricect', '2021-09-02 23:38:58', '2021-09-02 23:38:58'),
(1477, 5, '116', 'pricect', '2021-09-02 23:38:58', '2021-09-02 23:38:58'),
(1478, 5, '112', 'pricect', '2021-09-02 23:38:58', '2021-09-02 23:38:58'),
(1479, 5, '9', 'pricect', '2021-09-02 23:38:58', '2021-09-02 23:38:58'),
(1480, 5, '3', 'pricect', '2021-09-02 23:38:58', '2021-09-02 23:38:58'),
(1481, 5, '263', 'pricect', '2021-09-02 23:38:58', '2021-09-02 23:38:58'),
(1482, 5, '153', 'pricect', '2021-09-02 23:38:58', '2021-09-02 23:38:58'),
(1483, 5, '134', 'pricect', '2021-09-02 23:38:58', '2021-09-02 23:38:58'),
(1484, 5, '118', 'pricect', '2021-09-02 23:38:58', '2021-09-02 23:38:58'),
(1485, 5, '98', 'pricect', '2021-09-02 23:38:58', '2021-09-02 23:38:58'),
(1486, 5, '650', 'pricect', '2021-09-02 23:38:58', '2021-09-02 23:38:58'),
(1487, 5, '1250', 'pricect', '2021-09-02 23:38:58', '2021-09-02 23:38:58'),
(1488, 5, '850', 'pricect', '2021-09-02 23:38:58', '2021-09-02 23:38:58'),
(1489, 5, '3500', 'pricect', '2021-09-02 23:38:58', '2021-09-02 23:38:58'),
(1490, 5, '2625', 'pricect', '2021-09-02 23:38:58', '2021-09-02 23:38:58'),
(1491, 5, '2188', 'pricect', '2021-09-02 23:38:58', '2021-09-02 23:38:58'),
(1492, 5, '1884', 'pricect', '2021-09-02 23:38:58', '2021-09-02 23:38:58'),
(1493, 5, '1500', 'pricect', '2021-09-02 23:38:58', '2021-09-02 23:38:58'),
(1494, 5, '1130', 'pricect', '2021-09-02 23:38:58', '2021-09-02 23:38:58'),
(1495, 5, '1125', 'pricect', '2021-09-02 23:38:58', '2021-09-02 23:38:58'),
(1496, 5, '942', 'pricect', '2021-09-02 23:38:58', '2021-09-02 23:38:58'),
(1497, 5, '938', 'pricect', '2021-09-02 23:38:58', '2021-09-02 23:38:58'),
(1498, 5, '848', 'pricect', '2021-09-02 23:38:58', '2021-09-02 23:38:58'),
(1499, 5, '823', 'pricect', '2021-09-02 23:38:58', '2021-09-02 23:38:58'),
(1500, 5, '659', 'pricect', '2021-09-02 23:38:58', '2021-09-02 23:38:58'),
(1501, 5, '656', 'pricect', '2021-09-02 23:38:58', '2021-09-02 23:38:58'),
(1502, 5, '642', 'pricect', '2021-09-02 23:38:58', '2021-09-02 23:38:58'),
(1503, 5, '471', 'pricect', '2021-09-02 23:38:58', '2021-09-02 23:38:58'),
(1504, 5, '367', 'pricect', '2021-09-02 23:38:58', '2021-09-02 23:38:58'),
(1505, 5, '283', 'pricect', '2021-09-02 23:38:58', '2021-09-02 23:38:58'),
(1506, 5, '235', 'pricect', '2021-09-02 23:38:58', '2021-09-02 23:38:58'),
(1507, 5, '206', 'pricect', '2021-09-02 23:38:58', '2021-09-02 23:38:58'),
(1508, 5, '26', 'pricect', '2021-09-02 23:38:58', '2021-09-02 23:38:58'),
(1509, 5, '700', 'pricect', '2021-09-02 23:38:58', '2021-09-02 23:38:58'),
(1510, 5, '400', 'pricect', '2021-09-02 23:38:58', '2021-09-02 23:38:58'),
(1511, 5, '750', 'pricect', '2021-09-02 23:38:58', '2021-09-02 23:38:58'),
(1512, 5, '2125', 'pricect', '2021-09-02 23:38:58', '2021-09-02 23:38:58'),
(1513, 5, '859', 'pricect', '2021-09-02 23:38:58', '2021-09-02 23:38:58'),
(1514, 5, '2250', 'pricect', '2021-09-02 23:38:58', '2021-09-02 23:38:58'),
(1515, 5, '2000', 'pricect', '2021-09-02 23:38:58', '2021-09-02 23:38:58'),
(1516, 5, '1875', 'pricect', '2021-09-02 23:38:58', '2021-09-02 23:38:58'),
(1517, 5, '1750', 'pricect', '2021-09-02 23:38:58', '2021-09-02 23:38:58'),
(1518, 5, 'x', 'pricect', '2021-09-02 23:38:58', '2021-09-02 23:38:58'),
(1519, 5, '145', 'pricect', '2021-09-02 23:38:58', '2021-09-02 23:38:58'),
(1520, 5, '120', 'pricect', '2021-09-02 23:38:58', '2021-09-02 23:38:58'),
(1521, 5, '130', 'pricect', '2021-09-02 23:38:58', '2021-09-02 23:38:58'),
(1522, 5, '0.34', 'pricect', '2021-09-02 23:38:58', '2021-09-02 23:38:58'),
(1523, 5, '5', 'pricect', '2021-09-02 23:38:58', '2021-09-02 23:38:58'),
(1524, 5, '529', 'pricect', '2021-09-02 23:38:58', '2021-09-02 23:38:58'),
(1525, 5, '411', 'pricect', '2021-09-02 23:38:58', '2021-09-02 23:38:58'),
(1526, 5, '294', 'pricect', '2021-09-02 23:38:58', '2021-09-02 23:38:58'),
(1527, 5, '12', 'pricect', '2021-09-02 23:38:58', '2021-09-02 23:38:58'),
(1528, 5, '39', 'pricect', '2021-09-02 23:38:58', '2021-09-02 23:38:58'),
(1529, 5, '36', 'pricect', '2021-09-02 23:38:58', '2021-09-02 23:38:58'),
(1530, 5, '384', 'pricect', '2021-09-02 23:38:58', '2021-09-02 23:38:58'),
(1531, 5, '223', 'pricect', '2021-09-02 23:38:58', '2021-09-02 23:38:58'),
(1532, 5, '176', 'pricect', '2021-09-02 23:38:58', '2021-09-02 23:38:58'),
(1533, 5, '5000', 'pricect', '2021-09-02 23:38:58', '2021-09-02 23:38:58'),
(1534, 5, '10', 'pricect', '2021-09-02 23:38:58', '2021-09-02 23:38:58'),
(1535, 5, '4113', 'pricect', '2021-09-02 23:38:58', '2021-09-02 23:38:58'),
(1536, 5, '3750', 'pricect', '2021-09-02 23:38:58', '2021-09-02 23:38:58'),
(1537, 5, '3125', 'pricect', '2021-09-02 23:38:58', '2021-09-02 23:38:58'),
(1538, 5, '2938', 'pricect', '2021-09-02 23:38:58', '2021-09-02 23:38:58'),
(1539, 5, '2500', 'pricect', '2021-09-02 23:38:58', '2021-09-02 23:38:58'),
(1540, 5, '2350', 'pricect', '2021-09-02 23:38:58', '2021-09-02 23:38:58'),
(1541, 5, '1939', 'pricect', '2021-09-02 23:38:58', '2021-09-02 23:38:58'),
(1542, 5, '1813', 'pricect', '2021-09-02 23:38:58', '2021-09-02 23:38:58'),
(1543, 5, '1763', 'pricect', '2021-09-02 23:38:58', '2021-09-02 23:38:58'),
(1544, 5, '1438', 'pricect', '2021-09-02 23:38:58', '2021-09-02 23:38:58'),
(1545, 5, '1410', 'pricect', '2021-09-02 23:38:58', '2021-09-02 23:38:58'),
(1546, 5, '34', 'pricect', '2021-09-02 23:38:58', '2021-09-02 23:38:58'),
(1547, 5, '7', 'pricect', '2021-09-02 23:38:58', '2021-09-02 23:38:58'),
(1548, 5, '64', 'pricect', '2021-09-02 23:38:58', '2021-09-02 23:38:58'),
(1549, 5, '224', 'pricect', '2021-09-02 23:38:58', '2021-09-02 23:38:58'),
(1550, 5, '2313', 'pricect', '2021-09-02 23:38:58', '2021-09-02 23:38:58'),
(1551, 5, '287', 'pricect', '2021-09-02 23:38:58', '2021-09-02 23:38:58'),
(1552, 5, '117', 'pricect', '2021-09-02 23:38:58', '2021-09-02 23:38:58'),
(1553, 5, '940', 'pricect', '2021-09-02 23:38:58', '2021-09-02 23:38:58'),
(1554, 5, '264', 'pricect', '2021-09-02 23:38:58', '2021-09-02 23:38:58'),
(1555, 5, '160', 'pricect', '2021-09-02 23:38:58', '2021-09-02 23:38:58'),
(1556, 5, '594', 'pricect', '2021-09-02 23:38:58', '2021-09-02 23:38:58'),
(1557, 5, '504', 'pricect', '2021-09-02 23:38:58', '2021-09-02 23:38:58'),
(1558, 5, '351', 'pricect', '2021-09-02 23:38:58', '2021-09-02 23:38:58'),
(1559, 5, '326', 'pricect', '2021-09-02 23:38:58', '2021-09-02 23:38:58'),
(1560, 5, '253', 'pricect', '2021-09-02 23:38:58', '2021-09-02 23:38:58'),
(1561, 5, '244', 'pricect', '2021-09-02 23:38:58', '2021-09-02 23:38:58'),
(1562, 5, '238', 'pricect', '2021-09-02 23:38:58', '2021-09-02 23:38:58'),
(1563, 5, '195', 'pricect', '2021-09-02 23:38:58', '2021-09-02 23:38:58'),
(1564, 5, '165', 'pricect', '2021-09-02 23:38:58', '2021-09-02 23:38:58'),
(1565, 5, '143', 'pricect', '2021-09-02 23:38:58', '2021-09-02 23:38:58'),
(1566, 5, '141', 'pricect', '2021-09-02 23:38:58', '2021-09-02 23:38:58'),
(1567, 5, '126', 'pricect', '2021-09-02 23:38:58', '2021-09-02 23:38:58'),
(1568, 5, '122', 'pricect', '2021-09-02 23:38:58', '2021-09-02 23:38:58'),
(1569, 5, '108', 'pricect', '2021-09-02 23:38:58', '2021-09-02 23:38:58'),
(1570, 5, '85', 'pricect', '2021-09-02 23:38:58', '2021-09-02 23:38:58'),
(1571, 5, '74', 'pricect', '2021-09-02 23:38:58', '2021-09-02 23:38:58'),
(1572, 5, '71', 'pricect', '2021-09-02 23:38:58', '2021-09-02 23:38:58'),
(1573, 5, '588', 'pricect', '2021-09-02 23:38:58', '2021-09-02 23:38:58'),
(1574, 5, '339', 'pricect', '2021-09-02 23:38:58', '2021-09-02 23:38:58'),
(1575, 5, '247', 'pricect', '2021-09-02 23:38:58', '2021-09-02 23:38:58'),
(1576, 5, '207', 'pricect', '2021-09-02 23:38:58', '2021-09-02 23:38:58'),
(1577, 5, '166', 'pricect', '2021-09-02 23:38:58', '2021-09-02 23:38:58'),
(1578, 5, '129', 'pricect', '2021-09-02 23:38:58', '2021-09-02 23:38:58'),
(1579, 5, '78', 'pricect', '2021-09-02 23:38:58', '2021-09-02 23:38:58'),
(1580, 5, '77', 'pricect', '2021-09-02 23:38:58', '2021-09-02 23:38:58'),
(1581, 5, '72', 'pricect', '2021-09-02 23:38:58', '2021-09-02 23:38:58'),
(1582, 5, '62', 'pricect', '2021-09-02 23:38:58', '2021-09-02 23:38:58'),
(1583, 5, '52', 'pricect', '2021-09-02 23:38:58', '2021-09-02 23:38:58'),
(1584, 5, '32', 'pricect', '2021-09-02 23:38:58', '2021-09-02 23:38:58'),
(1585, 5, '27', 'pricect', '2021-09-02 23:38:58', '2021-09-02 23:38:58'),
(1586, 5, '4388', 'pricect', '2021-09-02 23:38:58', '2021-09-02 23:38:58'),
(1587, 5, '2751', 'pricect', '2021-09-02 23:38:58', '2021-09-02 23:38:58'),
(1588, 5, '2750', 'pricect', '2021-09-02 23:38:58', '2021-09-02 23:38:58'),
(1589, 5, '2355', 'pricect', '2021-09-02 23:38:58', '2021-09-02 23:38:58'),
(1590, 5, '1175', 'pricect', '2021-09-02 23:38:58', '2021-09-02 23:38:58'),
(1591, 5, '1077', 'pricect', '2021-09-02 23:38:58', '2021-09-02 23:38:58'),
(1592, 5, '1000', 'pricect', '2021-09-02 23:38:58', '2021-09-02 23:38:58'),
(1593, 5, '979', 'pricect', '2021-09-02 23:38:58', '2021-09-02 23:38:58'),
(1594, 5, '881', 'pricect', '2021-09-02 23:38:58', '2021-09-02 23:38:58'),
(1595, 5, '844', 'pricect', '2021-09-02 23:38:58', '2021-09-02 23:38:58'),
(1596, 5, '784', 'pricect', '2021-09-02 23:38:58', '2021-09-02 23:38:58'),
(1597, 5, '686', 'pricect', '2021-09-02 23:38:58', '2021-09-02 23:38:58'),
(1598, 5, '637', 'pricect', '2021-09-02 23:38:58', '2021-09-02 23:38:58'),
(1599, 5, '597', 'pricect', '2021-09-02 23:38:58', '2021-09-02 23:38:58'),
(1600, 5, '490', 'pricect', '2021-09-02 23:38:58', '2021-09-02 23:38:58'),
(1601, 5, '441', 'pricect', '2021-09-02 23:38:58', '2021-09-02 23:38:58'),
(1602, 5, '343', 'pricect', '2021-09-02 23:38:58', '2021-09-02 23:38:58'),
(1603, 5, '306', 'pricect', '2021-09-02 23:38:58', '2021-09-02 23:38:58'),
(1604, 5, '269', 'pricect', '2021-09-02 23:38:58', '2021-09-02 23:38:58'),
(1605, 5, '220', 'pricect', '2021-09-02 23:38:58', '2021-09-02 23:38:58'),
(1606, 5, '1625', 'pricect', '2021-09-02 23:38:58', '2021-09-02 23:38:58'),
(1607, 5, '1396', 'pricect', '2021-09-02 23:38:58', '2021-09-02 23:38:58'),
(1608, 5, '1200', 'pricect', '2021-09-02 23:38:58', '2021-09-02 23:38:58'),
(1609, 5, '676', 'pricect', '2021-09-02 23:38:58', '2021-09-02 23:38:58'),
(1610, 5, '617', 'pricect', '2021-09-02 23:38:58', '2021-09-02 23:38:58'),
(1611, 5, '323', 'pricect', '2021-09-02 23:38:58', '2021-09-02 23:38:58'),
(1612, 5, '212', 'pricect', '2021-09-02 23:38:58', '2021-09-02 23:38:58'),
(1613, 5, '845', 'pricect', '2021-09-02 23:38:58', '2021-09-02 23:38:58'),
(1614, 5, '1063', 'pricect', '2021-09-02 23:38:58', '2021-09-02 23:38:58'),
(1615, 5, '999', 'pricect', '2021-09-02 23:38:58', '2021-09-02 23:38:58'),
(1616, 5, '95', 'pricect', '2021-09-02 23:38:58', '2021-09-02 23:38:58'),
(1617, 5, '499', 'pricect', '2021-09-02 23:38:58', '2021-09-02 23:38:58'),
(1618, 5, '470', 'pricect', '2021-09-02 23:38:58', '2021-09-02 23:38:58'),
(1619, 5, '347', 'pricect', '2021-09-02 23:38:58', '2021-09-02 23:38:58'),
(1620, 5, '203', 'pricect', '2021-09-02 23:38:58', '2021-09-02 23:38:58'),
(1621, 5, '22', 'pricect', '2021-09-02 23:38:58', '2021-09-02 23:38:58'),
(1622, 5, '226', 'pricect', '2021-09-02 23:38:58', '2021-09-02 23:38:58'),
(1623, 5, '49', 'pricect', '2021-09-02 23:38:58', '2021-09-02 23:38:58'),
(1624, 5, '48', 'pricect', '2021-09-02 23:38:58', '2021-09-02 23:38:58'),
(1625, 5, '154', 'pricect', '2021-09-02 23:38:58', '2021-09-02 23:38:58'),
(1626, 5, '900', 'pricect', '2021-09-02 23:38:58', '2021-09-02 23:38:58'),
(1627, 5, '290', 'pricect', '2021-09-02 23:38:58', '2021-09-02 23:38:58'),
(1628, 5, '111', 'pricect', '2021-09-02 23:38:58', '2021-09-02 23:38:58'),
(1629, 5, '394', 'pricect', '2021-09-02 23:38:58', '2021-09-02 23:38:58'),
(1630, 5, '79', 'pricect', '2021-09-02 23:38:58', '2021-09-02 23:38:58'),
(1631, 5, '485', 'pricect', '2021-09-02 23:38:58', '2021-09-02 23:38:58'),
(1632, 5, '430', 'pricect', '2021-09-02 23:38:58', '2021-09-02 23:38:58'),
(1633, 5, '417', 'pricect', '2021-09-02 23:38:58', '2021-09-02 23:38:58'),
(1634, 5, '408', 'pricect', '2021-09-02 23:38:58', '2021-09-02 23:38:58'),
(1635, 5, '362', 'pricect', '2021-09-02 23:38:58', '2021-09-02 23:38:58'),
(1636, 5, '338', 'pricect', '2021-09-02 23:38:58', '2021-09-02 23:38:58'),
(1637, 5, '173', 'pricect', '2021-09-02 23:38:58', '2021-09-02 23:38:58'),
(1638, 5, '475', 'pricect', '2021-09-02 23:38:58', '2021-09-02 23:38:58'),
(1639, 5, '880', 'pricect', '2021-09-02 23:38:58', '2021-09-02 23:38:58'),
(1640, 5, '124', 'pricect', '2021-09-02 23:38:58', '2021-09-02 23:38:58'),
(1641, 5, '91', 'pricect', '2021-09-02 23:38:58', '2021-09-02 23:38:58'),
(1642, 5, '1188', 'pricect', '2021-09-02 23:38:58', '2021-09-02 23:38:58'),
(1643, 5, '813', 'pricect', '2021-09-02 23:38:58', '2021-09-02 23:38:58'),
(1644, 5, '688', 'pricect', '2021-09-02 23:38:58', '2021-09-02 23:38:58'),
(1645, 5, '161', 'pricect', '2021-09-02 23:38:58', '2021-09-02 23:38:58'),
(1646, 5, '115', 'pricect', '2021-09-02 23:38:58', '2021-09-02 23:38:58'),
(1647, 5, '503', 'pricect', '2021-09-02 23:38:58', '2021-09-02 23:38:58'),
(1648, 5, '371', 'pricect', '2021-09-02 23:38:58', '2021-09-02 23:38:58'),
(1649, 5, '282', 'pricect', '2021-09-02 23:38:58', '2021-09-02 23:38:58'),
(1650, 5, '271', 'pricect', '2021-09-02 23:38:58', '2021-09-02 23:38:58'),
(1651, 5, '214', 'pricect', '2021-09-02 23:38:58', '2021-09-02 23:38:58'),
(1652, 5, '189', 'pricect', '2021-09-02 23:38:58', '2021-09-02 23:38:58'),
(1653, 5, '172', 'pricect', '2021-09-02 23:38:58', '2021-09-02 23:38:58'),
(1654, 5, '171', 'pricect', '2021-09-02 23:38:58', '2021-09-02 23:38:58'),
(1655, 5, '152', 'pricect', '2021-09-02 23:38:58', '2021-09-02 23:38:58'),
(1656, 5, '131', 'pricect', '2021-09-02 23:38:58', '2021-09-02 23:38:58'),
(1657, 5, '128', 'pricect', '2021-09-02 23:38:58', '2021-09-02 23:38:58'),
(1658, 5, '101', 'pricect', '2021-09-02 23:38:58', '2021-09-02 23:38:58'),
(1659, 5, '114', 'pricect', '2021-09-02 23:38:58', '2021-09-02 23:38:58'),
(1660, 5, '1.50 pp', 'pricect', '2021-09-02 23:38:58', '2021-09-02 23:38:58'),
(1661, 5, '2585', 'pricect', '2021-09-02 23:38:58', '2021-09-02 23:38:58'),
(1662, 5, '1998', 'pricect', '2021-09-02 23:38:58', '2021-09-02 23:38:58'),
(1663, 5, '1313', 'pricect', '2021-09-02 23:38:58', '2021-09-02 23:38:58'),
(1664, 5, '1050', 'pricect', '2021-09-02 23:38:58', '2021-09-02 23:38:58'),
(1665, 5, '705', 'pricect', '2021-09-02 23:38:58', '2021-09-02 23:38:58'),
(1666, 5, '413', 'pricect', '2021-09-02 23:38:58', '2021-09-02 23:38:58'),
(1667, 5, '255', 'pricect', '2021-09-02 23:38:58', '2021-09-02 23:38:58'),
(1668, 5, '236', 'pricect', '2021-09-02 23:38:58', '2021-09-02 23:38:58'),
(1669, 5, '218', 'pricect', '2021-09-02 23:38:58', '2021-09-02 23:38:58'),
(1670, 5, '151', 'pricect', '2021-09-02 23:38:58', '2021-09-02 23:38:58'),
(1671, 5, '105', 'pricect', '2021-09-02 23:38:58', '2021-09-02 23:38:58'),
(1672, 5, '102', 'pricect', '2021-09-02 23:38:58', '2021-09-02 23:38:58'),
(1673, 5, '68', 'pricect', '2021-09-02 23:38:58', '2021-09-02 23:38:58'),
(1674, 5, '199', 'pricect', '2021-09-02 23:38:58', '2021-09-02 23:38:58'),
(1675, 5, '144', 'pricect', '2021-09-02 23:38:58', '2021-09-02 23:38:58'),
(1676, 5, '1528', 'pricect', '2021-09-02 23:38:58', '2021-09-02 23:38:58'),
(1677, 5, '830', 'pricect', '2021-09-02 23:38:58', '2021-09-02 23:38:58'),
(1678, 5, '272', 'pricect', '2021-09-02 23:38:58', '2021-09-02 23:38:58'),
(1679, 5, '557', 'pricect', '2021-09-02 23:38:58', '2021-09-02 23:38:58'),
(1680, 5, '382', 'pricect', '2021-09-02 23:38:58', '2021-09-02 23:38:58'),
(1681, 5, '170', 'pricect', '2021-09-02 23:38:58', '2021-09-02 23:38:58'),
(1682, 5, '82', 'pricect', '2021-09-02 23:38:58', '2021-09-02 23:38:58'),
(1683, 5, '251', 'pricect', '2021-09-02 23:38:58', '2021-09-02 23:38:58'),
(1684, 5, '2231', 'pricect', '2021-09-02 23:38:58', '2021-09-02 23:38:58'),
(1685, 5, '1788', 'pricect', '2021-09-02 23:38:58', '2021-09-02 23:38:58'),
(1686, 5, '758', 'pricect', '2021-09-02 23:38:58', '2021-09-02 23:38:58'),
(1687, 5, '740', 'pricect', '2021-09-02 23:38:58', '2021-09-02 23:38:58'),
(1688, 5, '641', 'pricect', '2021-09-02 23:38:58', '2021-09-02 23:38:58'),
(1689, 5, '506', 'pricect', '2021-09-02 23:38:58', '2021-09-02 23:38:58'),
(1690, 5, '363', 'pricect', '2021-09-02 23:38:58', '2021-09-02 23:38:58'),
(1691, 5, '781', 'pricect', '2021-09-02 23:38:58', '2021-09-02 23:38:58'),
(1692, 5, '127', 'pricect', '2021-09-02 23:38:58', '2021-09-02 23:38:58'),
(1693, 5, '3100', 'pricect', '2021-09-02 23:38:58', '2021-09-02 23:38:58'),
(1694, 5, '1058', 'pricect', '2021-09-02 23:38:58', '2021-09-02 23:38:58'),
(1695, 5, '2119', 'pricect', '2021-09-02 23:38:58', '2021-09-02 23:38:58'),
(1696, 5, '644', 'pricect', '2021-09-02 23:38:58', '2021-09-02 23:38:58'),
(1697, 5, '631', 'pricect', '2021-09-02 23:38:58', '2021-09-02 23:38:58'),
(1698, 5, '329', 'pricect', '2021-09-02 23:38:58', '2021-09-02 23:38:58'),
(1699, 5, '270', 'pricect', '2021-09-02 23:38:58', '2021-09-02 23:38:58'),
(1700, 5, '194', 'pricect', '2021-09-02 23:38:58', '2021-09-02 23:38:58'),
(1701, 5, '182', 'pricect', '2021-09-02 23:38:58', '2021-09-02 23:38:58'),
(1702, 5, '181', 'pricect', '2021-09-02 23:38:58', '2021-09-02 23:38:58'),
(1703, 5, '159', 'pricect', '2021-09-02 23:38:58', '2021-09-02 23:38:58'),
(1704, 5, '155', 'pricect', '2021-09-02 23:38:58', '2021-09-02 23:38:58'),
(1705, 5, '142', 'pricect', '2021-09-02 23:38:58', '2021-09-02 23:38:58'),
(1706, 5, '2475', 'pricect', '2021-09-02 23:38:58', '2021-09-02 23:38:58'),
(1707, 5, '646', 'pricect', '2021-09-02 23:38:58', '2021-09-02 23:38:58'),
(1708, 5, '2115', 'pricect', '2021-09-02 23:38:58', '2021-09-02 23:38:58'),
(1709, 5, '7500', 'pricect', '2021-09-02 23:38:58', '2021-09-02 23:38:58'),
(1710, 5, '3250', 'pricect', '2021-09-02 23:38:58', '2021-09-02 23:38:58'),
(1711, 5, '1563', 'pricect', '2021-09-02 23:38:58', '2021-09-02 23:38:58'),
(1712, 5, 'X', 'pricect', '2021-09-02 23:38:58', '2021-09-02 23:38:58'),
(1713, 5, '162', 'pricect', '2021-09-02 23:38:58', '2021-09-02 23:38:58'),
(1714, 5, '1469', 'pricect', '2021-09-02 23:38:58', '2021-09-02 23:38:58'),
(1715, 5, '1293', 'pricect', '2021-09-02 23:38:58', '2021-09-02 23:38:58'),
(1716, 5, '58', 'pricect', '2021-09-02 23:38:58', '2021-09-02 23:38:58'),
(1717, 5, '2113', 'pricect', '2021-09-02 23:38:58', '2021-09-02 23:38:58'),
(1718, 5, '1183', 'pricect', '2021-09-02 23:38:58', '2021-09-02 23:38:58'),
(1719, 5, '973', 'pricect', '2021-09-02 23:38:58', '2021-09-02 23:38:58'),
(1720, 5, '521', 'pricect', '2021-09-02 23:38:58', '2021-09-02 23:38:58'),
(1721, 5, '456', 'pricect', '2021-09-02 23:38:58', '2021-09-02 23:38:58'),
(1722, 5, '415', 'pricect', '2021-09-02 23:38:58', '2021-09-02 23:38:58'),
(1723, 5, '404', 'pricect', '2021-09-02 23:38:58', '2021-09-02 23:38:58'),
(1724, 5, '357', 'pricect', '2021-09-02 23:38:58', '2021-09-02 23:38:58'),
(1725, 5, '355', 'pricect', '2021-09-02 23:38:58', '2021-09-02 23:38:58'),
(1726, 5, '324', 'pricect', '2021-09-02 23:38:58', '2021-09-02 23:38:58'),
(1727, 5, '305', 'pricect', '2021-09-02 23:38:58', '2021-09-02 23:38:58'),
(1728, 5, '304', 'pricect', '2021-09-02 23:38:58', '2021-09-02 23:38:58'),
(1729, 5, '296', 'pricect', '2021-09-02 23:38:58', '2021-09-02 23:38:58'),
(1730, 5, '286', 'pricect', '2021-09-02 23:38:58', '2021-09-02 23:38:58'),
(1731, 5, '285', 'pricect', '2021-09-02 23:38:58', '2021-09-02 23:38:58'),
(1732, 5, '274', 'pricect', '2021-09-02 23:38:58', '2021-09-02 23:38:58'),
(1733, 5, '243', 'pricect', '2021-09-02 23:38:58', '2021-09-02 23:38:58'),
(1734, 5, '234', 'pricect', '2021-09-02 23:38:58', '2021-09-02 23:38:58'),
(1735, 5, '228', 'pricect', '2021-09-02 23:38:58', '2021-09-02 23:38:58'),
(1736, 5, '217', 'pricect', '2021-09-02 23:38:58', '2021-09-02 23:38:58'),
(1737, 5, '148', 'pricect', '2021-09-02 23:38:58', '2021-09-02 23:38:58'),
(1738, 5, '132', 'pricect', '2021-09-02 23:38:58', '2021-09-02 23:38:58'),
(1739, 5, '852', 'pricect', '2021-09-02 23:38:58', '2021-09-02 23:38:58'),
(1740, 5, '1224', 'pricect', '2021-09-02 23:38:58', '2021-09-02 23:38:58'),
(1741, 5, '891', 'pricect', '2021-09-02 23:38:58', '2021-09-02 23:38:58'),
(1742, 5, '525', 'pricect', '2021-09-02 23:38:58', '2021-09-02 23:38:58'),
(1743, 5, '517', 'pricect', '2021-09-02 23:38:58', '2021-09-02 23:38:58'),
(1744, 5, '452', 'pricect', '2021-09-02 23:38:58', '2021-09-02 23:38:58'),
(1745, 5, '293', 'pricect', '2021-09-02 23:38:58', '2021-09-02 23:38:58'),
(1746, 5, '121', 'pricect', '2021-09-02 23:38:58', '2021-09-02 23:38:58'),
(1747, 5, '92', 'pricect', '2021-09-02 23:38:58', '2021-09-02 23:38:58'),
(1748, 5, '61', 'pricect', '2021-09-02 23:38:58', '2021-09-02 23:38:58'),
(1749, 5, '51', 'pricect', '2021-09-02 23:38:58', '2021-09-02 23:38:58'),
(1750, 5, '1360', 'pricect', '2021-09-02 23:38:58', '2021-09-02 23:38:58'),
(1751, 5, '907', 'pricect', '2021-09-02 23:38:58', '2021-09-02 23:38:58'),
(1752, 5, '544', 'pricect', '2021-09-02 23:38:58', '2021-09-02 23:38:58'),
(1753, 5, '7750', 'pricect', '2021-09-02 23:38:58', '2021-09-02 23:38:58'),
(1754, 5, '1645', 'pricect', '2021-09-02 23:38:58', '2021-09-02 23:38:58'),
(1755, 5, '565', 'pricect', '2021-09-02 23:38:58', '2021-09-02 23:38:58'),
(1756, 5, '1500 a+, 1800 aa+', 'pricect', '2021-09-02 23:38:58', '2021-09-02 23:38:58'),
(1757, 5, '1800, 2200', 'pricect', '2021-09-02 23:38:58', '2021-09-02 23:38:58'),
(1758, 5, '1800, 2000', 'pricect', '2021-09-02 23:38:58', '2021-09-02 23:38:58'),
(1759, 5, '1400', 'pricect', '2021-09-02 23:38:58', '2021-09-02 23:38:58'),
(1760, 5, '3 pp', 'pricect', '2021-09-02 23:38:58', '2021-09-02 23:38:58'),
(1761, 5, '3.50 pp', 'pricect', '2021-09-02 23:38:58', '2021-09-02 23:38:58'),
(1762, 5, '0.54 pp', 'pricect', '2021-09-02 23:38:58', '2021-09-02 23:38:58'),
(1763, 5, '3000', 'pricect', '2021-09-02 23:38:58', '2021-09-02 23:38:58'),
(1764, 5, '2800', 'pricect', '2021-09-02 23:38:58', '2021-09-02 23:38:58'),
(1765, 5, '515', 'pricect', '2021-09-02 23:38:58', '2021-09-02 23:38:58'),
(1766, 5, '469', 'pricect', '2021-09-02 23:38:58', '2021-09-02 23:38:58'),
(1767, 5, '2644', 'pricect', '2021-09-02 23:38:58', '2021-09-02 23:38:58'),
(1768, 5, '1601', 'pricect', '2021-09-02 23:38:58', '2021-09-02 23:38:58'),
(1769, 5, '1413', 'pricect', '2021-09-02 23:38:58', '2021-09-02 23:38:58'),
(1770, 5, '227', 'pricect', '2021-09-02 23:38:58', '2021-09-02 23:38:58'),
(1771, 5, '222', 'pricect', '2021-09-02 23:38:58', '2021-09-02 23:38:58'),
(1772, 5, '261', 'pricect', '2021-09-02 23:38:58', '2021-09-02 23:38:58'),
(1773, 5, '109', 'pricect', '2021-09-02 23:38:58', '2021-09-02 23:38:58'),
(1774, 5, '104', 'pricect', '2021-09-02 23:38:58', '2021-09-02 23:38:58'),
(1775, 5, '139', 'pricect', '2021-09-02 23:38:58', '2021-09-02 23:38:58'),
(1776, 5, '183', 'pricect', '2021-09-02 23:38:58', '2021-09-02 23:38:58'),
(1777, 5, '177', 'pricect', '2021-09-02 23:38:58', '2021-09-02 23:38:58'),
(1778, 5, '133', 'pricect', '2021-09-02 23:38:58', '2021-09-02 23:38:58'),
(1779, 5, '694', 'pricect', '2021-09-02 23:38:58', '2021-09-02 23:38:58'),
(1780, 5, '547', 'pricect', '2021-09-02 23:38:58', '2021-09-02 23:38:58'),
(1781, 5, '526', 'pricect', '2021-09-02 23:38:58', '2021-09-02 23:38:58'),
(1782, 5, '497', 'pricect', '2021-09-02 23:38:58', '2021-09-02 23:38:58'),
(1783, 5, '423', 'pricect', '2021-09-02 23:38:58', '2021-09-02 23:38:58'),
(1784, 5, '267', 'pricect', '2021-09-02 23:38:58', '2021-09-02 23:38:58'),
(1785, 5, '670', 'pricect', '2021-09-02 23:38:58', '2021-09-02 23:38:58'),
(1786, 5, '317', 'pricect', '2021-09-02 23:38:58', '2021-09-02 23:38:58'),
(1787, 5, '825', 'pricect', '2021-09-02 23:38:58', '2021-09-02 23:38:58'),
(1788, 5, '2200', 'pricect', '2021-09-02 23:38:58', '2021-09-02 23:38:58'),
(1789, 5, '950', 'pricect', '2021-09-02 23:38:58', '2021-09-02 23:38:58'),
(1790, 5, '1800', 'pricect', '2021-09-02 23:38:58', '2021-09-02 23:38:58'),
(1791, 5, '920', 'pricect', '2021-09-02 23:38:58', '2021-09-02 23:38:58'),
(1792, 5, '520', 'pricect', '2021-09-02 23:38:58', '2021-09-02 23:38:58'),
(1793, 5, '330', 'pricect', '2021-09-02 23:38:58', '2021-09-02 23:38:58'),
(1794, 5, '187', 'pricect', '2021-09-02 23:38:58', '2021-09-02 23:38:58'),
(1795, 5, '466', 'pricect', '2021-09-02 23:38:58', '2021-09-02 23:38:58'),
(1796, 5, '320', 'pricect', '2021-09-02 23:38:58', '2021-09-02 23:38:58'),
(1797, 5, '480', 'pricect', '2021-09-02 23:38:58', '2021-09-02 23:38:58'),
(1798, 5, '360', 'pricect', '2021-09-02 23:38:58', '2021-09-02 23:38:58'),
(1799, 5, '215', 'pricect', '2021-09-02 23:38:58', '2021-09-02 23:38:58'),
(1800, 5, '240', 'pricect', '2021-09-02 23:38:58', '2021-09-02 23:38:58'),
(1801, 6, 'A', 'quality', '2021-09-02 23:47:34', '2021-09-02 23:47:34'),
(1802, 6, 'AA', 'quality', '2021-09-02 23:47:34', '2021-09-02 23:47:34'),
(1803, 6, 'AAA', 'quality', '2021-09-02 23:47:34', '2021-09-02 23:47:34');

-- --------------------------------------------------------

--
-- Table structure for table `product_type`
--

CREATE TABLE `product_type` (
  `id` int NOT NULL,
  `name` varchar(200) NOT NULL,
  `created_at` timestamp NOT NULL,
  `updated_at` timestamp NULL DEFAULT NULL
) ENGINE=InnoDB DEFAULT CHARSET=utf8mb4 COLLATE=utf8mb4_0900_ai_ci;

--
-- Dumping data for table `product_type`
--

INSERT INTO `product_type` (`id`, `name`, `created_at`, `updated_at`) VALUES
(1, 'Stone', '2021-09-02 05:14:39', '2021-09-02 05:14:39'),
(2, 'Rm_Sub_Category', '2021-09-02 05:14:49', '2021-09-02 05:14:49'),
(3, 'Shape', '2021-09-02 05:14:54', '2021-09-02 05:14:54'),
(4, 'Size', '2021-09-02 06:27:40', '2021-09-02 06:27:40'),
(5, 'Ct/Pc', '2021-09-02 06:27:48', '2021-09-02 06:27:48'),
(6, 'Quality', '2021-09-02 06:27:52', '2021-09-02 06:27:52'),
(7, 'Quantity', '2021-09-02 06:27:59', '2021-09-02 06:27:59'),
(8, 'Available', '2021-09-02 06:28:06', '2021-09-02 06:28:06'),
(9, 'Price', '2021-09-02 06:28:13', '2021-09-02 06:28:13'),
(10, 'Remarks', '2021-09-03 04:19:26', '2021-09-03 04:19:58');

-- --------------------------------------------------------

--
-- Table structure for table `sendmessage`
--

CREATE TABLE `sendmessage` (
  `id` int NOT NULL,
  `message` longtext NOT NULL,
  `user_id` varchar(191) NOT NULL,
  `replay_message` longtext,
  `token` varchar(191) DEFAULT NULL,
  `status` enum('0','1') NOT NULL DEFAULT '0',
  `token_number` varchar(191) NOT NULL,
  `replay_time` timestamp NULL DEFAULT NULL,
  `created_by` varchar(191) DEFAULT NULL,
  `created_at` timestamp NOT NULL DEFAULT CURRENT_TIMESTAMP,
  `updated_at` timestamp NULL DEFAULT NULL
) ENGINE=InnoDB DEFAULT CHARSET=utf8mb4 COLLATE=utf8mb4_0900_ai_ci;

--
-- Dumping data for table `sendmessage`
--

INSERT INTO `sendmessage` (`id`, `message`, `user_id`, `replay_message`, `token`, `status`, `token_number`, `replay_time`, `created_by`, `created_at`, `updated_at`) VALUES
(1, 'test data', '15', NULL, 'AenAnsWQjr', '0', 'eebFgJg2RG', NULL, '1', '2021-09-03 03:34:36', '2021-09-03 03:34:36'),
(2, 'test data', '13', NULL, 'BRfLqwF3kM', '0', 'eebFgJg2RG', NULL, '1', '2021-09-03 03:34:46', '2021-09-03 03:34:46'),
(3, 'test data', '12', NULL, 'stA7i3AQMT', '0', 'eebFgJg2RG', NULL, '1', '2021-09-03 03:34:50', '2021-09-03 03:34:50'),
(4, 'This is test data', '15', NULL, '7dOh72uQJx', '0', '80YZV87xxi', NULL, '1', '2021-09-03 03:50:10', '2021-09-03 03:50:10'),
(5, 'This is test data', '13', NULL, 'vSp9f86XTH', '0', '80YZV87xxi', NULL, '1', '2021-09-03 03:50:20', '2021-09-03 03:50:20'),
(6, 'This is test', '15', NULL, 'Xb4UB6xioE', '1', 'DmrTXiwgW1', NULL, '1', '2021-09-03 04:58:20', '2021-09-03 05:10:48'),
(7, 'test data check', '15', 'sdfsdfsdf', 'REj1YdRxGt', '1', 'RjFmt3Sec1', '2021-09-03 05:40:59', '1', '2021-09-03 05:13:09', '2021-09-03 05:40:59');

-- --------------------------------------------------------

--
-- Table structure for table `users`
--

CREATE TABLE `users` (
  `id` bigint UNSIGNED NOT NULL,
  `name` varchar(255) CHARACTER SET utf8mb4 COLLATE utf8mb4_unicode_ci NOT NULL,
  `email` varchar(255) CHARACTER SET utf8mb4 COLLATE utf8mb4_unicode_ci NOT NULL,
  `seondary_email` varchar(191) CHARACTER SET utf8mb4 COLLATE utf8mb4_unicode_ci DEFAULT NULL,
  `mobile` varchar(191) CHARACTER SET utf8mb4 COLLATE utf8mb4_unicode_ci DEFAULT NULL,
  `seondary_number` varchar(191) CHARACTER SET utf8mb4 COLLATE utf8mb4_unicode_ci DEFAULT NULL,
  `firm_name` varchar(200) CHARACTER SET utf8mb4 COLLATE utf8mb4_unicode_ci DEFAULT NULL,
  `email_verified_at` timestamp NULL DEFAULT NULL,
  `password` varchar(255) CHARACTER SET utf8mb4 COLLATE utf8mb4_unicode_ci NOT NULL,
  `role` enum('superadmin','admin','user') CHARACTER SET utf8mb4 COLLATE utf8mb4_unicode_ci DEFAULT 'user',
  `remember_token` varchar(100) CHARACTER SET utf8mb4 COLLATE utf8mb4_unicode_ci DEFAULT NULL,
  `created_at` timestamp NULL DEFAULT NULL,
  `updated_at` timestamp NULL DEFAULT NULL
) ENGINE=InnoDB DEFAULT CHARSET=utf8mb4 COLLATE=utf8mb4_unicode_ci;

--
-- Dumping data for table `users`
--

INSERT INTO `users` (`id`, `name`, `email`, `seondary_email`, `mobile`, `seondary_number`, `firm_name`, `email_verified_at`, `password`, `role`, `remember_token`, `created_at`, `updated_at`) VALUES
(1, 'SuperAdmin', 'vendormangment@mailinator.com', NULL, NULL, NULL, NULL, NULL, '$2y$10$Hjx7Ee70NkVLjCdqpfeBgu7EZymPzGvzNGXWoIkOb3FpVSrAS5Aci', 'superadmin', NULL, '2021-08-15 22:49:33', '2021-08-15 22:49:33'),
(5, 'VIVEK MOHTA', 'mohtavivek@hotmail.com', '', '9829014794', '', NULL, NULL, '$2y$10$PyFvDbranLVbz8KXjWZ0Z.tWZ8pTfW1ewSp.C2OG08eUand5aUhDO', 'user', NULL, '2021-08-15 23:21:49', '2021-08-15 23:21:49'),
(6, 'Ashish Chordia', 'chordia_ac@yahoo.com', '', '9314855007', '01412440788', 'S R Y CREATIONS', NULL, '$2y$10$ix23BZyLPeoCpighhZUH6ui7fbWv1LRIiBXT.yTWwnQ0sB78x6gK6', 'user', NULL, '2021-08-15 23:21:49', '2021-08-15 23:21:49'),
(7, 'Mo.Raees/ ramis bhai', 'rameezsheikh1604@gmail.com', 'aerizagems@gmail.com', '9352177334', ' 9887920921', 'R.R.Sheikh Gems', NULL, '$2y$10$E7tOo3W7.7FTWBbeZ4.wHOXX4WA22jnviwxXX5ZRV9jJy/FYTxopG', 'user', NULL, '2021-08-15 23:21:49', '2021-08-15 23:21:49'),
(8, 'Mohammad Raees', 'mgjewelsinc@yahoo.com', '', '9829642786', ' 9929927609', 'M.G. GEMS', NULL, '$2y$10$pWo1JAIYHTRJ4lkSZ2SDtOjGPoO6A4b8oVIzVAsqzH8cxqznS9I/K', 'user', NULL, '2021-08-15 23:21:49', '2021-08-15 23:21:49'),
(9, 'ANURAG KHANDELWAL', 'akaranurag@hotmail.com', '', '8824322444', '', 'D.K.GEMS', NULL, '$2y$10$uUemXK4KK/pn3UNoxzlbfu6u56Z8QvcqOaAG1lp7fz2TcN1U.wAAu', 'user', NULL, '2021-08-15 23:21:50', '2021-08-15 23:21:50'),
(10, 'RAHUL JAIN', 'srjain82@gmail.com', '', '9352558385', '9829088900', NULL, NULL, '$2y$10$J04VQt5Klvnwa3J24a/D7uZ6sLLqUE36iH7HhAOAalptLci6PGdo2', 'user', NULL, '2021-08-15 23:21:50', '2021-08-15 23:21:50'),
(11, 'PALLAV JI', 'Pallav70@gmail.com', '', '9828012691', '', NULL, NULL, '$2y$10$anDpEFYd2iS1QpFAWpDOQu45dPAHCJ4ga3UYSxE3ZLTRIuVu/BQv.', 'user', NULL, '2021-08-15 23:21:50', '2021-08-15 23:21:50'),
(12, 'Quality Colour Gems', 'qcgjaipurind@yahoo.co.in', '', '9828041225', '', 'Quality Colour Gems', NULL, '$2y$10$Zkh1fDVGh9GbDOSTSPjemOGGdUzm7sgFY.9LZphh3UjvjEeBmDy06', 'user', NULL, '2021-08-15 23:21:50', '2021-08-15 23:21:50'),
(13, 'Majar Gems (Sonu)', 'majargems123@gmail.com', '', '7737771383', '', 'Majar Gems (SONU', NULL, '$2y$10$.S0sGxlHhyALu3VgWKNUVe9GdnoCDriuCChPxnPj3ML1kYNs7PDum', 'user', NULL, '2021-08-15 23:21:50', '2021-08-15 23:21:50'),
(14, 'Arun Sharma', 'arunsharma@mailinator.com', NULL, NULL, NULL, NULL, NULL, '$2y$10$Hjx7Ee70NkVLjCdqpfeBgu7EZymPzGvzNGXWoIkOb3FpVSrAS5Aci', 'admin', NULL, '2021-08-17 06:03:09', '2021-08-17 06:03:09'),
(15, 'Test User', 'testuservendor@mailinator.com', 'testuservendor2@mailinator.com', '7976089405', '8290947212', 'Tes Firm', NULL, '$2y$10$Hjx7Ee70NkVLjCdqpfeBgu7EZymPzGvzNGXWoIkOb3FpVSrAS5Aci', 'user', NULL, '2021-08-17 06:03:09', '2021-08-17 06:03:09'),
(17, 'p p', 'rajat.dfsf@gmail.com', NULL, NULL, NULL, NULL, NULL, '$2y$10$vYKfGLuWAQqabaV12WHOJuGqxo4uk6lakrSkPqZMjJwFE/nGqUNDK', 'admin', NULL, '2021-08-23 23:45:16', '2021-08-23 23:45:16'),
(18, 'new test', 'testing@gmail.com', NULL, NULL, NULL, NULL, NULL, '$2y$10$oxYZp7MdtjLcxPzIKpJT8.qzAJt8FcWjuCvMseGUrx3zZfNJ1mve2', 'admin', NULL, '2021-08-23 23:46:59', '2021-08-23 23:46:59'),
(19, 'testing', 'testingsdfsd@gmail.com', NULL, NULL, NULL, NULL, '2021-08-24 01:07:37', '$2y$10$gjYsQw53Az5NM/joqlYphejRPqUSSlh2w5R8S91EjvduJEhZDHLdu', 'admin', NULL, '2021-08-23 23:50:32', '2021-08-24 01:07:37');

--
-- Indexes for dumped tables
--

--
-- Indexes for table `failed_jobs`
--
ALTER TABLE `failed_jobs`
  ADD PRIMARY KEY (`id`),
  ADD UNIQUE KEY `failed_jobs_uuid_unique` (`uuid`);

--
-- Indexes for table `migrations`
--
ALTER TABLE `migrations`
  ADD PRIMARY KEY (`id`);

--
-- Indexes for table `notifications`
--
ALTER TABLE `notifications`
  ADD PRIMARY KEY (`id`),
  ADD KEY `notifications_notifiable_type_notifiable_id_index` (`notifiable_type`,`notifiable_id`);

--
-- Indexes for table `password_resets`
--
ALTER TABLE `password_resets`
  ADD KEY `password_resets_email_index` (`email`);

--
-- Indexes for table `products_data`
--
ALTER TABLE `products_data`
  ADD PRIMARY KEY (`id`);

--
-- Indexes for table `product_category`
--
ALTER TABLE `product_category`
  ADD PRIMARY KEY (`id`);

--
-- Indexes for table `product_type`
--
ALTER TABLE `product_type`
  ADD PRIMARY KEY (`id`);

--
-- Indexes for table `sendmessage`
--
ALTER TABLE `sendmessage`
  ADD PRIMARY KEY (`id`);

--
-- Indexes for table `users`
--
ALTER TABLE `users`
  ADD PRIMARY KEY (`id`),
  ADD UNIQUE KEY `users_email_unique` (`email`);

--
-- AUTO_INCREMENT for dumped tables
--

--
-- AUTO_INCREMENT for table `failed_jobs`
--
ALTER TABLE `failed_jobs`
  MODIFY `id` bigint UNSIGNED NOT NULL AUTO_INCREMENT;

--
-- AUTO_INCREMENT for table `migrations`
--
ALTER TABLE `migrations`
  MODIFY `id` int UNSIGNED NOT NULL AUTO_INCREMENT, AUTO_INCREMENT=5;

--
-- AUTO_INCREMENT for table `products_data`
--
ALTER TABLE `products_data`
  MODIFY `id` int NOT NULL AUTO_INCREMENT, AUTO_INCREMENT=5;

--
-- AUTO_INCREMENT for table `product_category`
--
ALTER TABLE `product_category`
  MODIFY `id` int NOT NULL AUTO_INCREMENT, AUTO_INCREMENT=1804;

--
-- AUTO_INCREMENT for table `product_type`
--
ALTER TABLE `product_type`
  MODIFY `id` int NOT NULL AUTO_INCREMENT, AUTO_INCREMENT=11;

--
-- AUTO_INCREMENT for table `sendmessage`
--
ALTER TABLE `sendmessage`
  MODIFY `id` int NOT NULL AUTO_INCREMENT, AUTO_INCREMENT=8;

--
-- AUTO_INCREMENT for table `users`
--
ALTER TABLE `users`
  MODIFY `id` bigint UNSIGNED NOT NULL AUTO_INCREMENT, AUTO_INCREMENT=20;
COMMIT;

/*!40101 SET CHARACTER_SET_CLIENT=@OLD_CHARACTER_SET_CLIENT */;
/*!40101 SET CHARACTER_SET_RESULTS=@OLD_CHARACTER_SET_RESULTS */;
/*!40101 SET COLLATION_CONNECTION=@OLD_COLLATION_CONNECTION */;
